ticker,asset,wall_ns,wall_time_utc,day_utc,side,side_id,level,tte_bucket,result_yes,pnl_cents,p_yes,ml_trade,ml_side,ml_pnl_cents,ml_edge,bucket_threshold,meta_trade,meta_pnl_cents,meta_p_good,toxic_gate,candidate_v2_trade,candidate_v2_pnl_cents
KXXRP15M-26APR292015-15,XRP,1777507706258529280,2026-04-30T00:08:26.258529+00:00,2026-04-30,YES,0,88,4,1,3,0.9700572118563666,0,,0.0,5.721185636665439e-05,,0,0.0,,0,0,0.0
KXXRP15M-26APR292015-15,XRP,1777507727256094976,2026-04-30T00:08:47.256095+00:00,2026-04-30,YES,0,86,4,1,3,0.9648604269293924,0,,0.0,-0.0051395730706075195,,0,0.0,,0,0,0.0
KXXRP15M-26APR292015-15,XRP,1777507739259906816,2026-04-30T00:08:59.259907+00:00,2026-04-30,YES,0,88,4,1,3,0.9700572118563666,0,,0.0,5.721185636665439e-05,,0,0.0,,0,0,0.0
KXSOL15M-26APR292015-15,SOL,1777507773258292736,2026-04-30T00:09:33.258293+00:00,2026-04-30,YES,0,94,4,1,5,0.9700572118563666,0,,0.0,0.02005721185636667,,0,0.0,,0,0,0.0
KXSOL15M-26APR292015-15,SOL,1777507815258303744,2026-04-30T00:10:15.258304+00:00,2026-04-30,YES,0,89,3,1,2,0.9700572118563666,0,,0.0,-0.019942788143633365,0.08,0,0.0,,0,0,0.0
KXXRP15M-26APR292015-15,XRP,1777507848259371008,2026-04-30T00:10:48.259371+00:00,2026-04-30,YES,0,95,3,1,3,0.9700572118563666,0,,0.0,5.721185636665439e-05,0.05,0,0.0,,0,0,0.0
KXSOL15M-26APR292015-15,SOL,1777507849264316672,2026-04-30T00:10:49.264317+00:00,2026-04-30,YES,0,89,3,1,2,0.9700572118563666,0,,0.0,-0.019942788143633365,0.08,0,0.0,,0,0,0.0
KXSOL15M-26APR292015-15,SOL,1777507865256747776,2026-04-30T00:11:05.256748+00:00,2026-04-30,YES,0,91,3,1,1,0.9700572118563666,0,,0.0,-0.019942788143633365,0.08,0,0.0,,0,0,0.0
KXXRP15M-26APR292015-15,XRP,1777507879262337536,2026-04-30T00:11:19.262337+00:00,2026-04-30,YES,0,91,3,1,7,0.9577836411609498,0,,0.0,0.027783641160949786,0.05,0,0.0,,0,0,0.0
KXBTC15M-26APR292015-15,BTC,1777507882630165760,2026-04-30T00:11:22.630166+00:00,2026-04-30,NO,1,93,3,0,5,0.005365866680904454,1,NO,5.0,0.04463413331909561,0.01,1,5.0,0.9992500026807145,0,1,5.0
KXXRP15M-26APR292015-15,XRP,1777507886263290624,2026-04-30T00:11:26.263291+00:00,2026-04-30,YES,0,93,3,1,6,0.9577836411609498,0,,0.0,0.017783641160949777,0.05,0,0.0,,0,0,0.0
KXSOL15M-26APR292015-15,SOL,1777507887263469056,2026-04-30T00:11:27.263469+00:00,2026-04-30,YES,0,97,3,1,1,0.9700572118563666,0,,0.0,-0.019942788143633365,0.08,0,0.0,,0,0,0.0
KXBTC15M-26APR292015-15,BTC,1777507901623442688,2026-04-30T00:11:41.623443+00:00,2026-04-30,NO,1,86,2,0,9,0.005365866680904454,0,,0.0,0.08463413331909554,,0,0.0,,0,0,0.0
KXBTC15M-26APR292015-15,BTC,1777507903631838976,2026-04-30T00:11:43.631839+00:00,2026-04-30,NO,1,85,2,0,9,0.005365866680904454,0,,0.0,0.08463413331909554,,0,0.0,,0,0,0.0
KXSOL15M-26APR292015-15,SOL,1777507956260011520,2026-04-30T00:12:36.260011+00:00,2026-04-30,YES,0,91,2,1,0,0.9700572118563666,0,,0.0,0.009942788143633379,0.08,0,0.0,,0,0,0.0
KXBTC15M-26APR292015-15,BTC,1777507992626336000,2026-04-30T00:13:12.626336+00:00,2026-04-30,NO,1,90,1,0,5,0.005365866680904454,0,,0.0,0.04463413331909561,,0,0.0,,0,0,0.0
KXXRP15M-26APR292015-15,XRP,1777508019258060288,2026-04-30T00:13:39.258060+00:00,2026-04-30,YES,0,95,1,1,0,0.9700572118563666,1,NO,-2.0,0.009942788143633379,0.0,1,-2.0,0.0024968923652480203,0,0,0.0
KXBTC15M-26APR292015-15,BTC,1777508039621876992,2026-04-30T00:13:59.621877+00:00,2026-04-30,NO,1,94,1,0,0,0.005365866680904454,0,,0.0,-0.005365866680904432,,0,0.0,,0,0,0.0
KXBTC15M-26APR292015-15,BTC,1777508041622822144,2026-04-30T00:14:01.622822+00:00,2026-04-30,NO,1,87,0,0,0,0.005365866680904454,0,,0.0,-0.005365866680904432,0.01,0,0.0,,0,0,0.0
KXXRP15M-26APR292030-30,XRP,1777508739261756928,2026-04-30T00:25:39.261757+00:00,2026-04-30,YES,0,86,3,1,13,0.9648604269293924,1,YES,13.0,0.09486042692939246,0.05,1,13.0,0.9983828807068122,0,0,0.0
KXXRP15M-26APR292030-30,XRP,1777508776256325888,2026-04-30T00:26:16.256326+00:00,2026-04-30,YES,0,88,3,1,6,0.9700572118563666,0,,0.0,0.03005721185636657,0.05,0,0.0,,0,0,0.0
KXSOL15M-26APR292030-30,SOL,1777508788257322240,2026-04-30T00:26:28.257322+00:00,2026-04-30,YES,0,86,3,1,5,0.9378119800332779,0,,0.0,-0.012188019966722021,0.08,0,0.0,,0,0,0.0
KXXRP15M-26APR292030-30,XRP,1777508791257341184,2026-04-30T00:26:31.257341+00:00,2026-04-30,YES,0,85,3,1,6,0.9700572118563666,0,,0.0,0.03005721185636657,0.05,0,0.0,,0,0,0.0
KXXRP15M-26APR292030-30,XRP,1777508885257766656,2026-04-30T00:28:05.257767+00:00,2026-04-30,YES,0,97,1,1,1,0.9700572118563666,0,,0.0,-5.72118563666197e-05,0.0,0,0.0,,0,0,0.0
KXBTC15M-26APR292030-30,BTC,1777508942622796800,2026-04-30T00:29:02.622797+00:00,2026-04-30,YES,0,95,0,1,0,0.9700572118563666,0,,0.0,0.009942788143633379,0.01,0,0.0,,0,0,0.0
KXBTC15M-26APR292030-30,BTC,1777508963620674048,2026-04-30T00:29:23.620674+00:00,2026-04-30,YES,0,86,0,1,0,0.9700572118563666,0,,0.0,0.009942788143633379,0.01,0,0.0,,0,0,0.0
KXXRP15M-26APR292045-45,XRP,1777509069260262656,2026-04-30T00:31:09.260263+00:00,2026-04-30,YES,0,95,7,1,3,0.9700572118563666,1,YES,3.0,5.721185636665439e-05,0.0,1,3.0,0.9996690193712577,0,0,0.0
KXXRP15M-26APR292045-45,XRP,1777509071258092032,2026-04-30T00:31:11.258092+00:00,2026-04-30,YES,0,92,7,1,3,0.9700572118563666,1,YES,3.0,5.721185636665439e-05,0.0,1,3.0,0.9996690193712577,0,0,0.0
KXXRP15M-26APR292045-45,XRP,1777509235259276032,2026-04-30T00:33:55.259276+00:00,2026-04-30,YES,0,85,7,1,2,0.9378119800332779,0,,0.0,-0.02781198003327793,0.0,0,0.0,,0,0,0.0
KXETH15M-26APR292045-45,ETH,1777509313169319680,2026-04-30T00:35:13.169320+00:00,2026-04-30,YES,0,91,6,1,8,0.9378119800332779,1,YES,9.0,0.0278119800332779,0.0,1,9.0,0.9980755603707223,0,0,0.0
KXBTC15M-26APR292045-45,BTC,1777509313625254656,2026-04-30T00:35:13.625255+00:00,2026-04-30,YES,0,87,6,1,4,0.9378119800332779,0,,0.0,-0.0078119800332779234,0.0,0,0.0,,0,0,0.0
KXETH15M-26APR292045-45,ETH,1777509326167005184,2026-04-30T00:35:26.167005+00:00,2026-04-30,YES,0,87,6,1,7,0.9648604269293924,1,YES,7.0,0.0348604269293924,0.0,1,7.0,0.9983357151312692,0,0,0.0
KXBTC15M-26APR292045-45,BTC,1777509332620168960,2026-04-30T00:35:32.620169+00:00,2026-04-30,YES,0,90,6,1,2,0.9700572118563666,0,,0.0,-0.009942788143633354,0.0,0,0.0,,0,0,0.0
KXBTC15M-26APR292045-45,BTC,1777509338622454784,2026-04-30T00:35:38.622455+00:00,2026-04-30,YES,0,97,6,1,2,0.9700572118563666,0,,0.0,-0.009942788143633354,0.0,0,0.0,,0,0,0.0
KXETH15M-26APR292045-45,ETH,1777509339175293184,2026-04-30T00:35:39.175293+00:00,2026-04-30,YES,0,91,6,1,5,0.9648604269293924,1,YES,5.0,0.014860426929392498,0.0,1,5.0,0.9987044795956034,0,0,0.0
KXETH15M-26APR292045-45,ETH,1777509344167300352,2026-04-30T00:35:44.167300+00:00,2026-04-30,YES,0,93,6,1,5,0.9700572118563666,1,YES,5.0,0.02005721185636667,0.0,1,5.0,0.9990606446633108,0,0,0.0
KXBTC15M-26APR292045-45,BTC,1777509353625324288,2026-04-30T00:35:53.625324+00:00,2026-04-30,YES,0,88,6,1,1,0.9700572118563666,0,,0.0,-0.009942788143633354,0.0,0,0.0,,0,0,0.0
KXSOL15M-26APR292045-45,SOL,1777509358261857536,2026-04-30T00:35:58.261858+00:00,2026-04-30,YES,0,86,6,1,5,0.9577836411609498,1,YES,5.0,0.007783641160949881,0.0,1,5.0,0.9993500311087242,0,0,0.0
KXSOL15M-26APR292045-45,SOL,1777509362255657984,2026-04-30T00:36:02.255658+00:00,2026-04-30,YES,0,90,6,1,5,0.9648604269293924,1,YES,5.0,0.014860426929392498,0.0,1,5.0,0.9995290331196651,0,0,0.0
KXXRP15M-26APR292045-45,XRP,1777509364258257408,2026-04-30T00:36:04.258257+00:00,2026-04-30,YES,0,97,6,1,1,0.9700572118563666,0,,0.0,-0.019942788143633365,0.0,0,0.0,,0,0,0.0
KXXRP15M-26APR292045-45,XRP,1777509366257997312,2026-04-30T00:36:06.257997+00:00,2026-04-30,YES,0,98,6,1,1,0.9700572118563666,0,,0.0,-0.019942788143633365,0.0,0,0.0,,0,0,0.0
KXBTC15M-26APR292045-45,BTC,1777509370620803840,2026-04-30T00:36:10.620804+00:00,2026-04-30,YES,0,94,6,1,1,0.9700572118563666,0,,0.0,-0.010057211856366618,0.0,0,0.0,,0,0,0.0
KXSOL15M-26APR292045-45,SOL,1777509379262346752,2026-04-30T00:36:19.262347+00:00,2026-04-30,YES,0,85,6,1,4,0.9648604269293924,1,YES,4.0,0.004860426929392489,0.0,1,4.0,0.9996106022672632,0,0,0.0
KXETH15M-26APR292045-45,ETH,1777509381165322496,2026-04-30T00:36:21.165323+00:00,2026-04-30,YES,0,91,6,1,4,0.9648604269293924,1,YES,4.0,0.004860426929392489,0.0,1,4.0,0.9970797460062578,0,0,0.0
KXXRP15M-26APR292045-45,XRP,1777509381260144128,2026-04-30T00:36:21.260144+00:00,2026-04-30,YES,0,92,6,1,1,0.9700572118563666,0,,0.0,-0.019942788143633365,0.0,0,0.0,,0,0,0.0
KXXRP15M-26APR292045-45,XRP,1777509388257398272,2026-04-30T00:36:28.257398+00:00,2026-04-30,YES,0,88,6,1,2,0.9700572118563666,0,,0.0,-0.009942788143633354,0.0,0,0.0,,0,0,0.0
KXBTC15M-26APR292045-45,BTC,1777509390623288832,2026-04-30T00:36:30.623289+00:00,2026-04-30,YES,0,96,6,1,2,0.9700572118563666,0,,0.0,-0.009942788143633354,0.0,0,0.0,,0,0,0.0
KXETH15M-26APR292045-45,ETH,1777509432165803008,2026-04-30T00:37:12.165803+00:00,2026-04-30,YES,0,86,5,1,2,0.9700572118563666,0,,0.0,-0.009942788143633354,0.0,0,0.0,,0,0,0.0
KXETH15M-26APR292045-45,ETH,1777509470168303360,2026-04-30T00:37:50.168303+00:00,2026-04-30,YES,0,88,5,1,1,0.9700572118563666,0,,0.0,-5.72118563666197e-05,0.0,0,0.0,,0,0,0.0
KXETH15M-26APR292045-45,ETH,1777509470168303360,2026-04-30T00:37:50.168303+00:00,2026-04-30,YES,0,97,5,1,1,0.9700572118563666,0,,0.0,-5.72118563666197e-05,0.0,0,0.0,,0,0,0.0
KXETH15M-26APR292045-45,ETH,1777509497164098304,2026-04-30T00:38:17.164098+00:00,2026-04-30,YES,0,87,5,1,1,0.9700572118563666,0,,0.0,-5.72118563666197e-05,0.0,0,0.0,,0,0,0.0
KXSOL15M-26APR292045-45,SOL,1777509507256327936,2026-04-30T00:38:27.256328+00:00,2026-04-30,YES,0,92,4,1,1,0.9700572118563666,0,,0.0,-5.72118563666197e-05,,0,0.0,,0,0,0.0
KXBTC15M-26APR292045-45,BTC,1777509511621293824,2026-04-30T00:38:31.621294+00:00,2026-04-30,YES,0,86,4,1,1,0.9700572118563666,0,,0.0,-5.72118563666197e-05,,0,0.0,,0,0,0.0
KXBTC15M-26APR292045-45,BTC,1777509553624380928,2026-04-30T00:39:13.624381+00:00,2026-04-30,YES,0,92,4,1,0,0.9700572118563666,0,,0.0,0.009942788143633379,,0,0.0,,0,0,0.0
KXBTC15M-26APR292045-45,BTC,1777509558633202944,2026-04-30T00:39:18.633203+00:00,2026-04-30,YES,0,89,4,1,0,0.9700572118563666,0,,0.0,0.009942788143633379,,0,0.0,,0,0,0.0
KXBTC15M-26APR292045-45,BTC,1777509570621355520,2026-04-30T00:39:30.621356+00:00,2026-04-30,YES,0,99,4,1,0,0.9700572118563666,0,,0.0,0.009942788143633379,,0,0.0,,0,0,0.0
KXBTC15M-26APR292045-45,BTC,1777509583620767744,2026-04-30T00:39:43.620768+00:00,2026-04-30,YES,0,95,4,1,0,0.9700572118563666,0,,0.0,0.009942788143633379,,0,0.0,,0,0,0.0
KXBTC15M-26APR292045-45,BTC,1777509593624082432,2026-04-30T00:39:53.624082+00:00,2026-04-30,YES,0,98,4,1,0,0.9700572118563666,0,,0.0,0.009942788143633379,,0,0.0,,0,0,0.0
KXBTC15M-26APR292045-45,BTC,1777509594622324736,2026-04-30T00:39:54.622325+00:00,2026-04-30,YES,0,94,4,1,0,0.9700572118563666,0,,0.0,0.009942788143633379,,0,0.0,,0,0,0.0
KXXRP15M-26APR292045-45,XRP,1777509617257382144,2026-04-30T00:40:17.257382+00:00,2026-04-30,YES,0,91,3,1,0,0.9700572118563666,0,,0.0,0.009942788143633379,0.05,0,0.0,,0,0,0.0
KXSOL15M-26APR292045-45,SOL,1777509630262296576,2026-04-30T00:40:30.262297+00:00,2026-04-30,YES,0,85,3,1,0,0.9700572118563666,0,,0.0,0.009942788143633379,0.08,0,0.0,,0,0,0.0
KXBTC15M-26APR292045-45,BTC,1777509639628347904,2026-04-30T00:40:39.628348+00:00,2026-04-30,YES,0,85,3,1,0,0.9700572118563666,0,,0.0,0.009942788143633379,0.01,0,0.0,,0,0,0.0
KXBTC15M-26APR292045-45,BTC,1777509662624355328,2026-04-30T00:41:02.624355+00:00,2026-04-30,YES,0,94,3,1,0,0.9700572118563666,0,,0.0,0.009942788143633379,0.01,0,0.0,,0,0,0.0
KXBTC15M-26APR292045-45,BTC,1777509676626781440,2026-04-30T00:41:16.626781+00:00,2026-04-30,YES,0,99,3,1,0,0.9700572118563666,0,,0.0,0.009942788143633379,0.01,0,0.0,,0,0,0.0
KXBTC15M-26APR292045-45,BTC,1777509680625111296,2026-04-30T00:41:20.625111+00:00,2026-04-30,YES,0,99,3,1,0,0.9700572118563666,0,,0.0,0.009942788143633379,0.01,0,0.0,,0,0,0.0
KXBTC15M-26APR292045-45,BTC,1777509735632296960,2026-04-30T00:42:15.632297+00:00,2026-04-30,YES,0,94,2,1,0,0.9700572118563666,0,,0.0,0.009942788143633379,,0,0.0,,0,0,0.0
KXBTC15M-26APR292045-45,BTC,1777509753626502656,2026-04-30T00:42:33.626503+00:00,2026-04-30,YES,0,98,2,1,0,0.9700572118563666,0,,0.0,0.009942788143633379,,0,0.0,,0,0,0.0
KXBTC15M-26APR292045-45,BTC,1777509762630556672,2026-04-30T00:42:42.630557+00:00,2026-04-30,YES,0,97,2,1,0,0.9700572118563666,0,,0.0,0.009942788143633379,,0,0.0,,0,0,0.0
KXBTC15M-26APR292045-45,BTC,1777509768633286144,2026-04-30T00:42:48.633286+00:00,2026-04-30,YES,0,89,2,1,0,0.9700572118563666,0,,0.0,0.009942788143633379,,0,0.0,,0,0,0.0
KXXRP15M-26APR292100-00,XRP,1777510168256727808,2026-04-30T00:49:28.256728+00:00,2026-04-30,YES,0,89,7,1,8,0.9378119800332779,1,YES,8.0,0.017811980033277892,0.0,1,8.0,0.9975062901575082,0,0,0.0
KXXRP15M-26APR292100-00,XRP,1777510169260461824,2026-04-30T00:49:29.260462+00:00,2026-04-30,YES,0,91,7,1,8,0.9378119800332779,1,YES,8.0,0.017811980033277892,0.0,1,8.0,0.999299462764266,0,0,0.0
KXETH15M-26APR292100-00,ETH,1777510204164077056,2026-04-30T00:50:04.164077+00:00,2026-04-30,YES,0,89,6,1,6,0.9577836411609498,1,YES,6.0,0.017783641160949777,0.0,1,6.0,0.9977134452858283,0,0,0.0
KXBTC15M-26APR292100-00,BTC,1777510204620771840,2026-04-30T00:50:04.620772+00:00,2026-04-30,YES,0,89,6,1,8,0.9169811320754717,0,,0.0,-0.0030188679245283147,0.0,0,0.0,,0,0,0.0
KXBTC15M-26APR292100-00,BTC,1777510206621897728,2026-04-30T00:50:06.621898+00:00,2026-04-30,YES,0,85,6,1,8,0.9169811320754717,0,,0.0,-0.0030188679245283147,0.0,0,0.0,,0,0,0.0
KXSOL15M-26APR292100-00,SOL,1777510213255962368,2026-04-30T00:50:13.255962+00:00,2026-04-30,YES,0,88,6,1,11,0.9169811320754717,1,YES,11.0,0.02698113207547171,0.0,1,11.0,0.9992425253907564,0,0,0.0
KXBTC15M-26APR292100-00,BTC,1777510234626311936,2026-04-30T00:50:34.626312+00:00,2026-04-30,YES,0,90,6,1,6,0.9378119800332779,0,,0.0,-0.0021880199667221236,0.0,0,0.0,,0,0,0.0
KXBTC15M-26APR292100-00,BTC,1777510238624599296,2026-04-30T00:50:38.624599+00:00,2026-04-30,YES,0,89,6,1,6,0.9378119800332779,0,,0.0,-0.0021880199667221236,0.0,0,0.0,,0,0,0.0
KXBTC15M-26APR292100-00,BTC,1777510258623061504,2026-04-30T00:50:58.623061+00:00,2026-04-30,YES,0,88,6,1,5,0.9378119800332779,0,,0.0,-0.0078119800332779234,0.0,0,0.0,,0,0,0.0
KXBTC15M-26APR292100-00,BTC,1777510275625211648,2026-04-30T00:51:15.625212+00:00,2026-04-30,YES,0,85,6,1,5,0.9378119800332779,0,,0.0,-0.0078119800332779234,0.0,0,0.0,,0,0,0.0
KXETH15M-26APR292100-00,ETH,1777510276168645376,2026-04-30T00:51:16.168645+00:00,2026-04-30,YES,0,94,6,1,4,0.9577836411609498,1,YES,5.0,0.007783641160949881,0.0,1,5.0,0.9959742710149629,0,0,0.0
KXBTC15M-26APR292100-00,BTC,1777510278622430464,2026-04-30T00:51:18.622431+00:00,2026-04-30,YES,0,92,6,1,5,0.9378119800332779,0,,0.0,-0.0078119800332779234,0.0,0,0.0,,0,0,0.0
KXBTC15M-26APR292100-00,BTC,1777510284622744320,2026-04-30T00:51:24.622744+00:00,2026-04-30,YES,0,87,6,1,5,0.9378119800332779,0,,0.0,-0.0078119800332779234,0.0,0,0.0,,0,0,0.0
KXETH15M-26APR292100-00,ETH,1777510288172435712,2026-04-30T00:51:28.172436+00:00,2026-04-30,YES,0,94,6,1,4,0.9378119800332779,0,,0.0,-0.017811980033277934,0.0,0,0.0,,0,0,0.0
KXXRP15M-26APR292100-00,XRP,1777510349261333760,2026-04-30T00:52:29.261334+00:00,2026-04-30,YES,0,86,5,1,2,0.9700572118563666,0,,0.0,-0.009942788143633354,,0,0.0,,0,0,0.0
KXXRP15M-26APR292100-00,XRP,1777510352259273472,2026-04-30T00:52:32.259274+00:00,2026-04-30,YES,0,96,5,1,2,0.9700572118563666,0,,0.0,-0.009942788143633354,,0,0.0,,0,0,0.0
KXXRP15M-26APR292100-00,XRP,1777510353256327168,2026-04-30T00:52:33.256327+00:00,2026-04-30,YES,0,94,5,1,2,0.9700572118563666,0,,0.0,-0.009942788143633354,,0,0.0,,0,0,0.0
KXSOL15M-26APR292100-00,SOL,1777510402264346368,2026-04-30T00:53:22.264346+00:00,2026-04-30,YES,0,90,4,1,1,0.9700572118563666,0,,0.0,-0.019942788143633365,,0,0.0,,0,0,0.0
KXBTC15M-26APR292100-00,BTC,1777510403622306560,2026-04-30T00:53:23.622307+00:00,2026-04-30,YES,0,96,4,1,0,0.9700572118563666,0,,0.0,0.009942788143633379,,0,0.0,,0,0,0.0
KXBTC15M-26APR292100-00,BTC,1777510411620257024,2026-04-30T00:53:31.620257+00:00,2026-04-30,YES,0,89,4,1,0,0.9700572118563666,0,,0.0,0.009942788143633379,,0,0.0,,0,0,0.0
KXBTC15M-26APR292100-00,BTC,1777510411620257024,2026-04-30T00:53:31.620257+00:00,2026-04-30,YES,0,97,4,1,0,0.9700572118563666,0,,0.0,0.009942788143633379,,0,0.0,,0,0,0.0
KXSOL15M-26APR292100-00,SOL,1777510415259336448,2026-04-30T00:53:35.259336+00:00,2026-04-30,YES,0,91,4,1,1,0.9700572118563666,0,,0.0,-0.019942788143633365,,0,0.0,,0,0,0.0
KXBTC15M-26APR292100-00,BTC,1777510439620106496,2026-04-30T00:53:59.620106+00:00,2026-04-30,YES,0,94,4,1,0,0.9700572118563666,0,,0.0,0.009942788143633379,,0,0.0,,0,0,0.0
KXSOL15M-26APR292100-00,SOL,1777510462259343616,2026-04-30T00:54:22.259344+00:00,2026-04-30,YES,0,91,4,1,2,0.9700572118563666,0,,0.0,-0.009942788143633354,,0,0.0,,0,0,0.0
KXBTC15M-26APR292100-00,BTC,1777510467632970752,2026-04-30T00:54:27.632971+00:00,2026-04-30,YES,0,95,4,1,1,0.9700572118563666,0,,0.0,-5.72118563666197e-05,,0,0.0,,0,0,0.0
KXSOL15M-26APR292100-00,SOL,1777510479259944448,2026-04-30T00:54:39.259944+00:00,2026-04-30,YES,0,89,4,1,1,0.9700572118563666,0,,0.0,-0.010057211856366618,,0,0.0,,0,0,0.0
KXSOL15M-26APR292100-00,SOL,1777510497259867904,2026-04-30T00:54:57.259868+00:00,2026-04-30,YES,0,95,4,1,1,0.9700572118563666,0,,0.0,-5.72118563666197e-05,,0,0.0,,0,0,0.0
KXBTC15M-26APR292100-00,BTC,1777510497620712704,2026-04-30T00:54:57.620713+00:00,2026-04-30,YES,0,85,4,1,0,0.9700572118563666,0,,0.0,-5.72118563666197e-05,,0,0.0,,0,0,0.0
KXSOL15M-26APR292100-00,SOL,1777510504259794176,2026-04-30T00:55:04.259794+00:00,2026-04-30,YES,0,98,3,1,1,0.9700572118563666,0,,0.0,-5.72118563666197e-05,0.08,0,0.0,,0,0,0.0
KXSOL15M-26APR292100-00,SOL,1777510508270229760,2026-04-30T00:55:08.270230+00:00,2026-04-30,YES,0,98,3,1,1,0.9700572118563666,0,,0.0,-5.72118563666197e-05,0.08,0,0.0,,0,0,0.0
KXXRP15M-26APR292100-00,XRP,1777510514258878720,2026-04-30T00:55:14.258879+00:00,2026-04-30,YES,0,87,3,1,0,0.9700572118563666,0,,0.0,-5.72118563666197e-05,0.05,0,0.0,,0,0,0.0
KXBTC15M-26APR292100-00,BTC,1777510560626344704,2026-04-30T00:56:00.626345+00:00,2026-04-30,YES,0,92,3,1,0,0.9648604269293924,1,NO,-2.0,0.015139573070607553,0.01,1,-2.0,0.007300657787716579,0,0,0.0
KXSOL15M-26APR292100-00,SOL,1777510570258948096,2026-04-30T00:56:10.258948+00:00,2026-04-30,YES,0,96,3,1,0,0.9700572118563666,0,,0.0,0.009942788143633379,0.08,0,0.0,,0,0,0.0
KXXRP15M-26APR292115-15,XRP,1777511268259247360,2026-04-30T01:07:48.259247+00:00,2026-04-30,NO,1,85,5,0,2,0.005365866680904454,0,,0.0,0.014634133319095586,,0,0.0,,0,0,0.0
KXXRP15M-26APR292115-15,XRP,1777511299261120000,2026-04-30T01:08:19.261120+00:00,2026-04-30,NO,1,86,5,0,0,0.005365866680904454,0,,0.0,-0.005365866680904432,,0,0.0,,0,0,0.0
KXXRP15M-26APR292115-15,XRP,1777511345256228864,2026-04-30T01:09:05.256229+00:00,2026-04-30,NO,1,95,4,0,0,0.005365866680904454,0,,0.0,-0.005365866680904432,,0,0.0,,0,0,0.0
KXXRP15M-26APR292115-15,XRP,1777511348256324352,2026-04-30T01:09:08.256324+00:00,2026-04-30,NO,1,96,4,0,0,0.005365866680904454,0,,0.0,-0.005365866680904432,,0,0.0,,0,0,0.0
KXXRP15M-26APR292115-15,XRP,1777511393256850432,2026-04-30T01:09:53.256850+00:00,2026-04-30,NO,1,90,4,0,0,0.005365866680904454,0,,0.0,-0.005365866680904432,,0,0.0,,0,0,0.0
KXXRP15M-26APR292115-15,XRP,1777511411258338304,2026-04-30T01:10:11.258338+00:00,2026-04-30,NO,1,97,3,0,0,0.005365866680904454,0,,0.0,-0.005365866680904432,0.05,0,0.0,,0,0,0.0
KXXRP15M-26APR292115-15,XRP,1777511415260330752,2026-04-30T01:10:15.260331+00:00,2026-04-30,NO,1,89,3,0,0,0.005365866680904454,0,,0.0,0.014634133319095586,0.05,0,0.0,,0,0,0.0
KXETH15M-26APR292115-15,ETH,1777511531170558464,2026-04-30T01:12:11.170558+00:00,2026-04-30,NO,1,96,2,0,0,0.0,0,,0.0,8.673617379884035e-18,0.01,0,0.0,,0,0,0.0
KXETH15M-26APR292115-15,ETH,1777511608168335616,2026-04-30T01:13:28.168336+00:00,2026-04-30,NO,1,89,1,0,0,0.005365866680904454,0,,0.0,-0.005365866680904432,0.05,0,0.0,,0,0,0.0
KXBTC15M-26APR292115-15,BTC,1777511644629318144,2026-04-30T01:14:04.629318+00:00,2026-04-30,NO,1,89,0,0,1,0.005365866680904454,0,,0.0,-0.005365866680904432,0.01,0,0.0,,0,0,0.0
KXBTC15M-26APR292115-15,BTC,1777511647622350592,2026-04-30T01:14:07.622351+00:00,2026-04-30,NO,1,88,0,0,0,0.005365866680904454,0,,0.0,-0.005365866680904432,0.01,0,0.0,,0,0,0.0
KXBTC15M-26APR292115-15,BTC,1777511692624301568,2026-04-30T01:14:52.624302+00:00,2026-04-30,NO,1,88,0,0,0,0.005365866680904454,0,,0.0,-0.005365866680904432,0.01,0,0.0,,0,0,0.0
KXXRP15M-26APR292130-30,XRP,1777512262259244800,2026-04-30T01:24:22.259245+00:00,2026-04-30,NO,1,86,4,1,-96,0.005365866680904454,0,,0.0,0.0346341333190956,,0,0.0,,0,0,0.0
KXETH15M-26APR292130-30,ETH,1777512404165260544,2026-04-30T01:26:44.165261+00:00,2026-04-30,YES,0,91,2,1,4,0.9648604269293924,0,,0.0,0.004860426929392489,0.01,0,0.0,,0,0,0.0
KXBTC15M-26APR292130-30,BTC,1777512412621211136,2026-04-30T01:26:52.621211+00:00,2026-04-30,YES,0,89,2,1,4,0.9700572118563666,0,,0.0,0.010057211856366663,,0,0.0,,0,0,0.0
KXETH15M-26APR292130-30,ETH,1777512431168271360,2026-04-30T01:27:11.168271+00:00,2026-04-30,YES,0,95,2,1,2,0.9700572118563666,0,,0.0,-0.009942788143633354,0.01,0,0.0,,0,0,0.0
KXBTC15M-26APR292130-30,BTC,1777512434624311552,2026-04-30T01:27:14.624311+00:00,2026-04-30,YES,0,93,2,1,3,0.9700572118563666,0,,0.0,-0.009942788143633354,,0,0.0,,0,0,0.0
KXBTC15M-26APR292130-30,BTC,1777512445627256832,2026-04-30T01:27:25.627257+00:00,2026-04-30,YES,0,88,2,1,1,0.9700572118563666,0,,0.0,-0.009942788143633354,,0,0.0,,0,0,0.0
KXETH15M-26APR292130-30,ETH,1777512449168306688,2026-04-30T01:27:29.168307+00:00,2026-04-30,YES,0,96,2,1,1,0.9700572118563666,0,,0.0,-0.010057211856366618,0.01,0,0.0,,0,0,0.0
KXBTC15M-26APR292130-30,BTC,1777512460621165824,2026-04-30T01:27:40.621166+00:00,2026-04-30,YES,0,90,2,1,2,0.9700572118563666,0,,0.0,-0.010057211856366618,,0,0.0,,0,0,0.0
KXETH15M-26APR292130-30,ETH,1777512479164447744,2026-04-30T01:27:59.164448+00:00,2026-04-30,YES,0,89,2,1,0,0.9700572118563666,0,,0.0,0.009942788143633379,0.01,0,0.0,,0,0,0.0
KXETH15M-26APR292130-30,ETH,1777512488166274048,2026-04-30T01:28:08.166274+00:00,2026-04-30,YES,0,94,1,1,0,0.9700572118563666,0,,0.0,0.009942788143633379,0.05,0,0.0,,0,0,0.0
KXXRP15M-26APR292130-30,XRP,1777512515258281728,2026-04-30T01:28:35.258282+00:00,2026-04-30,YES,0,90,1,1,5,0.9700572118563666,1,YES,4.0,0.010057211856366663,0.0,1,4.0,0.9993852482235364,0,0,0.0
KXXRP15M-26APR292130-30,XRP,1777512564259115776,2026-04-30T01:29:24.259116+00:00,2026-04-30,YES,0,93,0,1,4,0.9700572118563666,1,YES,6.0,0.03005721185636657,0.01,1,6.0,0.9993831388460538,0,0,0.0
KXBTC15M-26APR292145-45,BTC,1777513036621105152,2026-04-30T01:37:16.621105+00:00,2026-04-30,NO,1,87,5,0,10,0.005365866680904454,1,NO,10.0,0.09463413331909555,0.0,1,10.0,0.9996114903945763,0,0,0.0
KXSOL15M-26APR292145-45,SOL,1777513239258050048,2026-04-30T01:40:39.258050+00:00,2026-04-30,NO,1,92,3,0,3,0.005365866680904454,0,,0.0,0.0346341333190956,0.08,0,0.0,,0,0,0.0
KXBTC15M-26APR292145-45,BTC,1777513256624902400,2026-04-30T01:40:56.624902+00:00,2026-04-30,NO,1,86,3,0,5,0.005365866680904454,1,NO,5.0,0.04463413331909561,0.01,1,5.0,0.9998527938359538,0,0,0.0
KXSOL15M-26APR292145-45,SOL,1777513262260291072,2026-04-30T01:41:02.260291+00:00,2026-04-30,NO,1,89,3,0,3,0.005365866680904454,0,,0.0,0.024634133319095593,0.08,0,0.0,,0,0,0.0
KXETH15M-26APR292145-45,ETH,1777513281166134016,2026-04-30T01:41:21.166134+00:00,2026-04-30,NO,1,85,3,0,8,0.005365866680904454,1,NO,8.0,0.07463413331909553,0.01,1,8.0,0.9997117722621632,0,0,0.0
KXBTC15M-26APR292145-45,BTC,1777513291621735680,2026-04-30T01:41:31.621736+00:00,2026-04-30,NO,1,91,3,0,5,0.005365866680904454,1,NO,4.0,0.0346341333190956,0.01,1,4.0,0.9998300773388529,0,0,0.0
KXETH15M-26APR292145-45,ETH,1777513307165063680,2026-04-30T01:41:47.165064+00:00,2026-04-30,NO,1,86,2,0,8,0.005365866680904454,1,NO,8.0,0.07463413331909553,0.01,1,8.0,0.9997381787334864,0,0,0.0
KXBTC15M-26APR292145-45,BTC,1777513334621894144,2026-04-30T01:42:14.621894+00:00,2026-04-30,NO,1,92,2,0,6,0.005365866680904454,0,,0.0,0.06463413331909552,,0,0.0,,0,0,0.0
KXSOL15M-26APR292145-45,SOL,1777513351260319232,2026-04-30T01:42:31.260319+00:00,2026-04-30,NO,1,93,2,0,1,0.005365866680904454,0,,0.0,0.004634133319095577,0.08,0,0.0,,0,0,0.0
KXSOL15M-26APR292145-45,SOL,1777513360258258176,2026-04-30T01:42:40.258258+00:00,2026-04-30,NO,1,89,2,0,3,0.005365866680904454,0,,0.0,0.024634133319095593,0.08,0,0.0,,0,0,0.0
KXETH15M-26APR292145-45,ETH,1777513363167851520,2026-04-30T01:42:43.167851+00:00,2026-04-30,NO,1,88,2,0,3,0.005365866680904454,1,NO,3.0,0.024634133319095593,0.01,1,3.0,0.999784514983621,0,0,0.0
KXETH15M-26APR292145-45,ETH,1777513363167851520,2026-04-30T01:42:43.167851+00:00,2026-04-30,NO,1,93,2,0,3,0.005365866680904454,1,NO,3.0,0.024634133319095593,0.01,1,3.0,0.999784514983621,0,0,0.0
KXSOL15M-26APR292145-45,SOL,1777513366256276992,2026-04-30T01:42:46.256277+00:00,2026-04-30,NO,1,90,2,0,3,0.005365866680904454,0,,0.0,0.024634133319095593,0.08,0,0.0,,0,0,0.0
KXBTC15M-26APR292145-45,BTC,1777513382623265536,2026-04-30T01:43:02.623266+00:00,2026-04-30,NO,1,91,1,0,2,0.005365866680904454,0,,0.0,0.014634133319095586,,0,0.0,,0,0,0.0
KXETH15M-26APR292145-45,ETH,1777513388167307008,2026-04-30T01:43:08.167307+00:00,2026-04-30,NO,1,90,1,0,0,0.005365866680904454,0,,0.0,-0.005365866680904432,0.05,0,0.0,,0,0,0.0
KXETH15M-26APR292145-45,ETH,1777513390166262528,2026-04-30T01:43:10.166263+00:00,2026-04-30,NO,1,85,1,0,0,0.005365866680904454,0,,0.0,-0.005365866680904432,0.05,0,0.0,,0,0,0.0
KXSOL15M-26APR292145-45,SOL,1777513390258301184,2026-04-30T01:43:10.258301+00:00,2026-04-30,NO,1,94,1,0,1,0.005365866680904454,0,,0.0,0.004634133319095577,0.01,0,0.0,,0,0,0.0
KXBTC15M-26APR292145-45,BTC,1777513405622224640,2026-04-30T01:43:25.622225+00:00,2026-04-30,NO,1,87,1,0,6,0.005365866680904454,0,,0.0,0.04463413331909561,,0,0.0,,0,0,0.0
KXSOL15M-26APR292145-45,SOL,1777513419258331904,2026-04-30T01:43:39.258332+00:00,2026-04-30,NO,1,92,1,0,1,0.005365866680904454,0,,0.0,0.004634133319095577,0.01,0,0.0,,0,0,0.0
KXSOL15M-26APR292145-45,SOL,1777513425258057728,2026-04-30T01:43:45.258058+00:00,2026-04-30,NO,1,88,1,0,1,0.005365866680904454,0,,0.0,0.004634133319095577,0.01,0,0.0,,0,0,0.0
KXSOL15M-26APR292145-45,SOL,1777513426261462784,2026-04-30T01:43:46.261463+00:00,2026-04-30,NO,1,89,1,0,1,0.005365866680904454,0,,0.0,0.004634133319095577,0.01,0,0.0,,0,0,0.0
KXETH15M-26APR292145-45,ETH,1777513435169263360,2026-04-30T01:43:55.169263+00:00,2026-04-30,NO,1,98,1,0,0,0.005365866680904454,0,,0.0,-0.005365866680904432,0.05,0,0.0,,0,0,0.0
KXBTC15M-26APR292145-45,BTC,1777513439623274752,2026-04-30T01:43:59.623275+00:00,2026-04-30,NO,1,94,1,0,4,0.005365866680904454,0,,0.0,0.0346341333190956,,0,0.0,,0,0,0.0
KXBTC15M-26APR292145-45,BTC,1777513466622048768,2026-04-30T01:44:26.622049+00:00,2026-04-30,NO,1,87,0,0,6,0.005365866680904454,1,NO,10.0,0.09463413331909555,0.01,1,10.0,0.9665287337849755,0,0,0.0
KXXRP15M-26APR292145-45,XRP,1777513473259405824,2026-04-30T01:44:33.259406+00:00,2026-04-30,YES,0,98,0,1,0,0.9700572118563666,0,,0.0,-0.029942788143633374,0.01,0,0.0,,0,0,0.0
KXXRP15M-26APR292145-45,XRP,1777513486258742272,2026-04-30T01:44:46.258742+00:00,2026-04-30,YES,0,91,0,1,0,0.9700572118563666,0,,0.0,0.009942788143633379,0.01,0,0.0,,0,0,0.0
KXXRP15M-26APR292200-00,XRP,1777513991258329856,2026-04-30T01:53:11.258330+00:00,2026-04-30,YES,0,85,5,0,-93,0.9700572118563666,0,,0.0,0.04005721185636658,,0,0.0,,0,0,0.0
KXXRP15M-26APR292200-00,XRP,1777514028256637440,2026-04-30T01:53:48.256637+00:00,2026-04-30,YES,0,90,4,0,-94,0.9700572118563666,0,,0.0,0.03005721185636657,,0,0.0,,0,0,0.0
KXXRP15M-26APR292200-00,XRP,1777514046256557056,2026-04-30T01:54:06.256557+00:00,2026-04-30,YES,0,85,4,0,-98,0.9700572118563666,0,,0.0,-0.009942788143633354,,0,0.0,,0,0,0.0
KXBTC15M-26APR292200-00,BTC,1777514046622910976,2026-04-30T01:54:06.622911+00:00,2026-04-30,YES,0,86,4,0,-91,0.9378119800332779,0,,0.0,0.0278119800332779,,0,0.0,,0,0,0.0
KXBTC15M-26APR292200-00,BTC,1777514053620448256,2026-04-30T01:54:13.620448+00:00,2026-04-30,YES,0,88,4,0,-95,0.9378119800332779,0,,0.0,-0.012188019966722021,,0,0.0,,0,0,0.0
KXXRP15M-26APR292200-00,XRP,1777514068256121088,2026-04-30T01:54:28.256121+00:00,2026-04-30,YES,0,90,4,0,-99,0.9700572118563666,0,,0.0,-0.010057211856366618,,0,0.0,,0,0,0.0
KXXRP15M-26APR292200-00,XRP,1777514102260283904,2026-04-30T01:55:02.260284+00:00,2026-04-30,YES,0,86,3,0,-98,0.9700572118563666,0,,0.0,-0.009942788143633354,0.05,0,0.0,,0,0,0.0
KXXRP15M-26APR292200-00,XRP,1777514135255860992,2026-04-30T01:55:35.255861+00:00,2026-04-30,YES,0,86,3,0,-97,0.9700572118563666,0,,0.0,5.721185636665439e-05,0.05,0,0.0,,0,0,0.0
KXXRP15M-26APR292200-00,XRP,1777514156259760384,2026-04-30T01:55:56.259760+00:00,2026-04-30,YES,0,97,3,0,-98,0.9700572118563666,0,,0.0,-0.009942788143633354,0.05,0,0.0,,0,0,0.0
KXXRP15M-26APR292200-00,XRP,1777514163258001408,2026-04-30T01:56:03.258001+00:00,2026-04-30,YES,0,95,3,0,-99,0.9700572118563666,0,,0.0,-0.019942788143633365,0.05,0,0.0,,0,0,0.0
KXXRP15M-26APR292200-00,XRP,1777514180259041280,2026-04-30T01:56:20.259041+00:00,2026-04-30,YES,0,91,3,0,-98,0.9700572118563666,0,,0.0,-0.019942788143633365,0.05,0,0.0,,0,0,0.0
KXETH15M-26APR292200-00,ETH,1777514219166935808,2026-04-30T01:56:59.166936+00:00,2026-04-30,NO,1,95,2,0,2,0.005365866680904454,1,NO,2.0,0.014634133319095586,0.01,1,2.0,0.9995821337752447,0,0,0.0
KXBTC15M-26APR292200-00,BTC,1777514231620066816,2026-04-30T01:57:11.620067+00:00,2026-04-30,NO,1,86,2,0,4,0.005365866680904454,0,,0.0,0.0346341333190956,,0,0.0,,0,0,0.0
KXBTC15M-26APR292200-00,BTC,1777514233622365952,2026-04-30T01:57:13.622366+00:00,2026-04-30,NO,1,94,2,0,4,0.005365866680904454,0,,0.0,0.0346341333190956,,0,0.0,,0,0,0.0
KXBTC15M-26APR292200-00,BTC,1777514241620272128,2026-04-30T01:57:21.620272+00:00,2026-04-30,NO,1,85,2,0,5,0.005365866680904454,0,,0.0,0.04463413331909561,,0,0.0,,0,0,0.0
KXBTC15M-26APR292200-00,BTC,1777514264621376768,2026-04-30T01:57:44.621377+00:00,2026-04-30,NO,1,88,2,0,3,0.005365866680904454,0,,0.0,0.024634133319095593,,0,0.0,,0,0,0.0
KXETH15M-26APR292200-00,ETH,1777514265167117056,2026-04-30T01:57:45.167117+00:00,2026-04-30,NO,1,91,2,0,1,0.005365866680904454,0,,0.0,0.004634133319095577,0.01,0,0.0,,0,0,0.0
KXBTC15M-26APR292200-00,BTC,1777514266622010112,2026-04-30T01:57:46.622010+00:00,2026-04-30,NO,1,87,2,0,2,0.005365866680904454,0,,0.0,0.014634133319095586,,0,0.0,,0,0,0.0
KXBTC15M-26APR292200-00,BTC,1777514298625651968,2026-04-30T01:58:18.625652+00:00,2026-04-30,NO,1,90,1,0,0,0.005365866680904454,0,,0.0,-0.005365866680904432,,0,0.0,,0,0,0.0
KXETH15M-26APR292200-00,ETH,1777514333165230336,2026-04-30T01:58:53.165230+00:00,2026-04-30,NO,1,90,1,0,0,0.005365866680904454,0,,0.0,-0.005365866680904432,0.05,0,0.0,,0,0,0.0
KXETH15M-26APR292200-00,ETH,1777514333165230336,2026-04-30T01:58:53.165230+00:00,2026-04-30,NO,1,95,1,0,0,0.005365866680904454,0,,0.0,-0.005365866680904432,0.05,0,0.0,,0,0,0.0
KXSOL15M-26APR292200-00,SOL,1777514345256767488,2026-04-30T01:59:05.256768+00:00,2026-04-30,NO,1,92,0,0,0,0.005365866680904454,0,,0.0,-0.005365866680904432,0.0,0,0.0,,0,0,0.0
KXSOL15M-26APR292200-00,SOL,1777514371260338432,2026-04-30T01:59:31.260339+00:00,2026-04-30,NO,1,85,0,0,0,0.005365866680904454,0,,0.0,-0.005365866680904432,0.0,0,0.0,,0,0,0.0
KXSOL15M-26APR292200-00,SOL,1777514377261344768,2026-04-30T01:59:37.261345+00:00,2026-04-30,NO,1,92,0,0,0,0.005365866680904454,0,,0.0,-0.005365866680904432,0.0,0,0.0,,0,0,0.0
KXXRP15M-26APR292215-15,XRP,1777514843257569536,2026-04-30T02:07:23.257570+00:00,2026-04-30,YES,0,86,5,1,13,0.9648604269293924,0,,0.0,0.09486042692939246,,0,0.0,,0,0,0.0
KXXRP15M-26APR292215-15,XRP,1777515007256358400,2026-04-30T02:10:07.256358+00:00,2026-04-30,YES,0,90,3,1,6,0.9700572118563666,0,,0.0,0.03005721185636657,0.05,0,0.0,,0,0,0.0
KXXRP15M-26APR292215-15,XRP,1777515043261324800,2026-04-30T02:10:43.261325+00:00,2026-04-30,YES,0,96,3,1,2,0.9700572118563666,0,,0.0,-0.009942788143633354,0.05,0,0.0,,0,0,0.0
KXXRP15M-26APR292215-15,XRP,1777515074261329152,2026-04-30T02:11:14.261329+00:00,2026-04-30,YES,0,87,3,1,1,0.9700572118563666,0,,0.0,-0.019942788143633365,0.05,0,0.0,,0,0,0.0
KXSOL15M-26APR292215-15,SOL,1777515075256335360,2026-04-30T02:11:15.256335+00:00,2026-04-30,YES,0,92,3,1,2,0.9700572118563666,0,,0.0,-0.009942788143633354,0.08,0,0.0,,0,0,0.0
KXSOL15M-26APR292215-15,SOL,1777515103259316480,2026-04-30T02:11:43.259316+00:00,2026-04-30,YES,0,87,2,1,1,0.9700572118563666,0,,0.0,-0.010057211856366618,0.08,0,0.0,,0,0,0.0
KXSOL15M-26APR292215-15,SOL,1777515135262912768,2026-04-30T02:12:15.262913+00:00,2026-04-30,YES,0,96,2,1,0,0.9700572118563666,0,,0.0,-0.020057211856366622,0.08,0,0.0,,0,0,0.0
KXBTC15M-26APR292215-15,BTC,1777515142623390208,2026-04-30T02:12:22.623390+00:00,2026-04-30,YES,0,91,2,1,2,0.9700572118563666,0,,0.0,-0.009942788143633354,,0,0.0,,0,0,0.0
KXSOL15M-26APR292215-15,SOL,1777515144259360768,2026-04-30T02:12:24.259361+00:00,2026-04-30,YES,0,96,2,1,0,0.9700572118563666,0,,0.0,-0.029942788143633374,0.08,0,0.0,,0,0,0.0
KXETH15M-26APR292215-15,ETH,1777515155166288640,2026-04-30T02:12:35.166289+00:00,2026-04-30,YES,0,95,2,1,4,0.9700572118563666,0,,0.0,5.721185636665439e-05,0.01,0,0.0,,0,0,0.0
KXBTC15M-26APR292215-15,BTC,1777515155624651520,2026-04-30T02:12:35.624651+00:00,2026-04-30,YES,0,94,2,1,1,0.9700572118563666,0,,0.0,-0.010057211856366618,,0,0.0,,0,0,0.0
KXSOL15M-26APR292215-15,SOL,1777515161259284992,2026-04-30T02:12:41.259285+00:00,2026-04-30,YES,0,89,2,1,0,0.9700572118563666,0,,0.0,-0.020057211856366622,0.08,0,0.0,,0,0,0.0
KXBTC15M-26APR292215-15,BTC,1777515171621791232,2026-04-30T02:12:51.621791+00:00,2026-04-30,YES,0,91,2,1,1,0.9700572118563666,0,,0.0,-5.72118563666197e-05,,0,0.0,,0,0,0.0
KXBTC15M-26APR292215-15,BTC,1777515172624340480,2026-04-30T02:12:52.624341+00:00,2026-04-30,YES,0,88,2,1,1,0.9700572118563666,0,,0.0,-5.72118563666197e-05,,0,0.0,,0,0,0.0
KXETH15M-26APR292215-15,ETH,1777515176166217216,2026-04-30T02:12:56.166217+00:00,2026-04-30,YES,0,95,2,1,2,0.9700572118563666,0,,0.0,-0.009942788143633354,0.01,0,0.0,,0,0,0.0
KXBTC15M-26APR292215-15,BTC,1777515188621757184,2026-04-30T02:13:08.621757+00:00,2026-04-30,YES,0,86,1,1,1,0.9700572118563666,0,,0.0,-5.72118563666197e-05,,0,0.0,,0,0,0.0
KXETH15M-26APR292215-15,ETH,1777515195166265600,2026-04-30T02:13:15.166265+00:00,2026-04-30,YES,0,91,1,1,1,0.9700572118563666,0,,0.0,-0.009942788143633354,0.05,0,0.0,,0,0,0.0
KXETH15M-26APR292215-15,ETH,1777515228166288128,2026-04-30T02:13:48.166288+00:00,2026-04-30,YES,0,92,1,1,6,0.9700572118563666,0,,0.0,0.02005721185636667,0.05,0,0.0,,0,0,0.0
KXBTC15M-26APR292215-15,BTC,1777515232623258368,2026-04-30T02:13:52.623258+00:00,2026-04-30,YES,0,96,1,1,1,0.9700572118563666,0,,0.0,-5.72118563666197e-05,,0,0.0,,0,0,0.0
KXETH15M-26APR292215-15,ETH,1777515271165044736,2026-04-30T02:14:31.165045+00:00,2026-04-30,YES,0,87,0,1,0,0.9700572118563666,0,,0.0,0.009942788143633379,0.01,0,0.0,,0,0,0.0
KXBTC15M-26APR292230-30,BTC,1777515770622282240,2026-04-30T02:22:50.622282+00:00,2026-04-30,NO,1,85,5,0,5,0.005365866680904454,1,NO,5.0,0.04463413331909561,0.0,1,5.0,0.9998664855260355,0,0,0.0
KXXRP15M-26APR292230-30,XRP,1777515804257332736,2026-04-30T02:23:24.257333+00:00,2026-04-30,NO,1,93,4,0,1,0.005365866680904454,0,,0.0,0.004634133319095577,,0,0.0,,0,0,0.0
KXSOL15M-26APR292230-30,SOL,1777515841256609792,2026-04-30T02:24:01.256610+00:00,2026-04-30,NO,1,91,4,0,4,0.005365866680904454,0,,0.0,0.0346341333190956,,0,0.0,,0,0,0.0
KXSOL15M-26APR292230-30,SOL,1777515855257687808,2026-04-30T02:24:15.257688+00:00,2026-04-30,NO,1,90,4,0,5,0.005365866680904454,0,,0.0,0.04463413331909561,,0,0.0,,0,0,0.0
KXBTC15M-26APR292230-30,BTC,1777515860620570624,2026-04-30T02:24:20.620571+00:00,2026-04-30,NO,1,85,4,0,7,0.005365866680904454,0,,0.0,0.04463413331909561,,0,0.0,,0,0,0.0
KXBTC15M-26APR292230-30,BTC,1777515871620682752,2026-04-30T02:24:31.620683+00:00,2026-04-30,NO,1,89,4,0,7,0.005365866680904454,0,,0.0,0.06463413331909552,,0,0.0,,0,0,0.0
KXXRP15M-26APR292230-30,XRP,1777515873264324352,2026-04-30T02:24:33.264324+00:00,2026-04-30,NO,1,87,4,0,3,0.005365866680904454,0,,0.0,0.024634133319095593,,0,0.0,,0,0,0.0
KXBTC15M-26APR292230-30,BTC,1777515910624384768,2026-04-30T02:25:10.624385+00:00,2026-04-30,NO,1,88,3,0,8,0.005365866680904454,1,NO,8.0,0.07463413331909553,0.01,1,8.0,0.9997621987846822,0,0,0.0
KXBTC15M-26APR292230-30,BTC,1777515932623820800,2026-04-30T02:25:32.623821+00:00,2026-04-30,NO,1,89,3,0,4,0.005365866680904454,1,NO,4.0,0.0346341333190956,0.01,1,4.0,0.999843295164351,0,0,0.0
KXBTC15M-26APR292230-30,BTC,1777515943621274112,2026-04-30T02:25:43.621274+00:00,2026-04-30,NO,1,90,3,0,4,0.005365866680904454,1,NO,3.0,0.024634133319095593,0.01,1,3.0,0.999843295164351,0,0,0.0
KXBTC15M-26APR292230-30,BTC,1777515944631617792,2026-04-30T02:25:44.631618+00:00,2026-04-30,NO,1,86,3,0,3,0.005365866680904454,1,NO,4.0,0.0346341333190956,0.01,1,4.0,0.999843295164351,0,0,0.0
KXSOL15M-26APR292230-30,SOL,1777515946255536384,2026-04-30T02:25:46.255536+00:00,2026-04-30,NO,1,93,3,0,0,0.005365866680904454,0,,0.0,-0.005365866680904432,0.08,0,0.0,,0,0,0.0
KXSOL15M-26APR292230-30,SOL,1777515951255425024,2026-04-30T02:25:51.255425+00:00,2026-04-30,NO,1,88,3,0,0,0.005365866680904454,0,,0.0,0.004634133319095577,0.08,0,0.0,,0,0,0.0
KXSOL15M-26APR292230-30,SOL,1777515977256305408,2026-04-30T02:26:17.256305+00:00,2026-04-30,NO,1,94,3,0,0,0.005365866680904454,0,,0.0,-0.005365866680904432,0.08,0,0.0,,0,0,0.0
KXETH15M-26APR292230-30,ETH,1777515994165307392,2026-04-30T02:26:34.165307+00:00,2026-04-30,NO,1,96,3,0,0,0.005365866680904454,0,,0.0,-0.005365866680904432,0.01,0,0.0,,0,0,0.0
KXBTC15M-26APR292230-30,BTC,1777515994620887296,2026-04-30T02:26:34.620887+00:00,2026-04-30,NO,1,99,3,0,0,0.005365866680904454,0,,0.0,-0.005365866680904432,0.01,0,0.0,,0,0,0.0
KXETH15M-26APR292230-30,ETH,1777515996169430784,2026-04-30T02:26:36.169431+00:00,2026-04-30,NO,1,96,3,0,0,0.005365866680904454,0,,0.0,-0.005365866680904432,0.01,0,0.0,,0,0,0.0
KXXRP15M-26APR292230-30,XRP,1777516001259406080,2026-04-30T02:26:41.259406+00:00,2026-04-30,NO,1,91,2,0,0,0.005365866680904454,0,,0.0,-0.005365866680904432,0.05,0,0.0,,0,0,0.0
KXBTC15M-26APR292230-30,BTC,1777516001624321792,2026-04-30T02:26:41.624322+00:00,2026-04-30,NO,1,89,2,0,0,0.005365866680904454,0,,0.0,-0.005365866680904432,,0,0.0,,0,0,0.0
KXBTC15M-26APR292230-30,BTC,1777516002620512000,2026-04-30T02:26:42.620512+00:00,2026-04-30,NO,1,97,2,0,0,0.005365866680904454,0,,0.0,-0.005365866680904432,,0,0.0,,0,0,0.0
KXBTC15M-26APR292230-30,BTC,1777516004623303680,2026-04-30T02:26:44.623304+00:00,2026-04-30,NO,1,98,2,0,0,0.005365866680904454,0,,0.0,-0.005365866680904432,,0,0.0,,0,0,0.0
KXXRP15M-26APR292230-30,XRP,1777516007255950848,2026-04-30T02:26:47.255951+00:00,2026-04-30,NO,1,94,2,0,0,0.005365866680904454,0,,0.0,-0.005365866680904432,0.05,0,0.0,,0,0,0.0
KXBTC15M-26APR292230-30,BTC,1777516011624188416,2026-04-30T02:26:51.624188+00:00,2026-04-30,NO,1,91,2,0,0,0.005365866680904454,0,,0.0,-0.005365866680904432,,0,0.0,,0,0,0.0
KXSOL15M-26APR292230-30,SOL,1777516012258429440,2026-04-30T02:26:52.258430+00:00,2026-04-30,NO,1,93,2,0,0,0.005365866680904454,0,,0.0,-0.005365866680904432,0.08,0,0.0,,0,0,0.0
KXSOL15M-26APR292230-30,SOL,1777516017258392832,2026-04-30T02:26:57.258393+00:00,2026-04-30,NO,1,98,2,0,0,0.005365866680904454,0,,0.0,-0.005365866680904432,0.08,0,0.0,,0,0,0.0
KXBTC15M-26APR292230-30,BTC,1777516020620141056,2026-04-30T02:27:00.620141+00:00,2026-04-30,NO,1,85,2,0,0,0.005365866680904454,0,,0.0,-0.005365866680904432,,0,0.0,,0,0,0.0
KXBTC15M-26APR292230-30,BTC,1777516021623336192,2026-04-30T02:27:01.623336+00:00,2026-04-30,NO,1,89,2,0,0,0.005365866680904454,0,,0.0,-0.005365866680904432,,0,0.0,,0,0,0.0
KXBTC15M-26APR292230-30,BTC,1777516028624313088,2026-04-30T02:27:08.624313+00:00,2026-04-30,NO,1,99,2,0,0,0.005365866680904454,0,,0.0,-0.005365866680904432,,0,0.0,,0,0,0.0
KXBTC15M-26APR292230-30,BTC,1777516037624993792,2026-04-30T02:27:17.624994+00:00,2026-04-30,NO,1,92,2,0,0,0.005365866680904454,0,,0.0,-0.005365866680904432,,0,0.0,,0,0,0.0
KXXRP15M-26APR292230-30,XRP,1777516066259095808,2026-04-30T02:27:46.259096+00:00,2026-04-30,NO,1,87,2,0,0,0.005365866680904454,0,,0.0,-0.005365866680904432,0.05,0,0.0,,0,0,0.0
KXETH15M-26APR292230-30,ETH,1777516084164408320,2026-04-30T02:28:04.164408+00:00,2026-04-30,NO,1,89,1,0,0,0.005365866680904454,0,,0.0,-0.005365866680904432,0.05,0,0.0,,0,0,0.0
KXBTC15M-26APR292230-30,BTC,1777516116622097152,2026-04-30T02:28:36.622097+00:00,2026-04-30,NO,1,92,1,0,0,0.005365866680904454,0,,0.0,-0.005365866680904432,,0,0.0,,0,0,0.0
KXBTC15M-26APR292230-30,BTC,1777516120622267648,2026-04-30T02:28:40.622268+00:00,2026-04-30,NO,1,86,1,0,0,0.005365866680904454,0,,0.0,-0.005365866680904432,,0,0.0,,0,0,0.0
KXBTC15M-26APR292245-45,BTC,1777516233624103936,2026-04-30T02:30:33.624104+00:00,2026-04-30,NO,1,88,7,0,10,0.3333333333333333,1,YES,-15.0,0.1833333333333333,0.005,1,-15.0,0.35713430445283234,0,1,-15.0
KXSOL15M-26APR292245-45,SOL,1777516260258433536,2026-04-30T02:31:00.258434+00:00,2026-04-30,NO,1,90,7,0,5,0.005365866680904454,1,NO,7.0,0.06463413331909552,0.0,1,7.0,0.9996039651879237,0,0,0.0
KXSOL15M-26APR292245-45,SOL,1777516262257334528,2026-04-30T02:31:02.257334+00:00,2026-04-30,NO,1,87,7,0,5,0.005365866680904454,1,NO,5.0,0.04463413331909561,0.0,1,5.0,0.9997807989614063,0,0,0.0
KXSOL15M-26APR292245-45,SOL,1777516326256000768,2026-04-30T02:32:06.256001+00:00,2026-04-30,NO,1,90,7,0,5,0.005365866680904454,1,NO,5.0,0.04463413331909561,0.0,1,5.0,0.9997650417959747,0,0,0.0
KXXRP15M-26APR292245-45,XRP,1777516338262523904,2026-04-30T02:32:18.262524+00:00,2026-04-30,NO,1,85,7,0,4,0.005365866680904454,1,NO,4.0,0.0346341333190956,0.0,1,4.0,0.9997702049634282,0,0,0.0
KXXRP15M-26APR292245-45,XRP,1777516359256855552,2026-04-30T02:32:39.256855+00:00,2026-04-30,NO,1,88,7,0,5,0.005365866680904454,1,NO,5.0,0.04463413331909561,0.0,1,5.0,0.999769607827601,0,0,0.0
KXXRP15M-26APR292245-45,XRP,1777516373262441216,2026-04-30T02:32:53.262441+00:00,2026-04-30,NO,1,87,7,0,5,0.005365866680904454,1,NO,5.0,0.04463413331909561,0.0,1,5.0,0.9997875141765842,0,0,0.0
KXXRP15M-26APR292245-45,XRP,1777516394260222208,2026-04-30T02:33:14.260222+00:00,2026-04-30,NO,1,88,7,0,5,0.005365866680904454,1,NO,5.0,0.04463413331909561,0.0,1,5.0,0.9997875141765842,0,0,0.0
KXXRP15M-26APR292245-45,XRP,1777516413258263808,2026-04-30T02:33:33.258264+00:00,2026-04-30,NO,1,89,7,0,2,0.005365866680904454,1,NO,2.0,0.014634133319095586,0.0,1,2.0,0.9997875141765842,0,0,0.0
KXXRP15M-26APR292245-45,XRP,1777516426256092160,2026-04-30T02:33:46.256092+00:00,2026-04-30,NO,1,92,7,0,2,0.005365866680904454,1,NO,2.0,0.014634133319095586,0.0,1,2.0,0.9997875141765842,0,0,0.0
KXXRP15M-26APR292245-45,XRP,1777516436257557504,2026-04-30T02:33:56.257557+00:00,2026-04-30,NO,1,87,7,0,1,0.005365866680904454,1,NO,1.0,0.004634133319095577,0.0,1,1.0,0.9997794186438285,0,0,0.0
KXSOL15M-26APR292245-45,SOL,1777516441259446272,2026-04-30T02:34:01.259446+00:00,2026-04-30,NO,1,88,7,0,3,0.005365866680904454,1,NO,3.0,0.024634133319095593,0.0,1,3.0,0.9998398465952598,0,0,0.0
KXXRP15M-26APR292245-45,XRP,1777516465257923840,2026-04-30T02:34:25.257924+00:00,2026-04-30,NO,1,93,7,0,0,0.005365866680904454,0,,0.0,-0.005365866680904432,0.0,0,0.0,,0,0,0.0
KXXRP15M-26APR292245-45,XRP,1777516481257833472,2026-04-30T02:34:41.257833+00:00,2026-04-30,NO,1,95,7,0,0,0.005365866680904454,1,NO,1.0,0.004634133319095577,0.0,1,1.0,0.9991990112328986,0,0,0.0
KXXRP15M-26APR292245-45,XRP,1777516492257357824,2026-04-30T02:34:52.257358+00:00,2026-04-30,NO,1,92,7,0,0,0.005365866680904454,1,NO,1.0,0.004634133319095577,0.0,1,1.0,0.9991990112328986,0,0,0.0
KXBTC15M-26APR292245-45,BTC,1777516504621387008,2026-04-30T02:35:04.621387+00:00,2026-04-30,NO,1,88,6,0,1,0.005365866680904454,1,NO,1.0,0.004634133319095577,0.0,1,1.0,0.9998839030395771,0,0,0.0
KXSOL15M-26APR292245-45,SOL,1777516508267875072,2026-04-30T02:35:08.267875+00:00,2026-04-30,NO,1,92,6,0,2,0.005365866680904454,1,NO,1.0,0.004634133319095577,0.0,1,1.0,0.9996894739197054,0,0,0.0
KXSOL15M-26APR292245-45,SOL,1777516511260131584,2026-04-30T02:35:11.260132+00:00,2026-04-30,NO,1,94,6,0,3,0.005365866680904454,1,NO,2.0,0.014634133319095586,0.0,1,2.0,0.9996894739197054,0,0,0.0
KXSOL15M-26APR292245-45,SOL,1777516513256841216,2026-04-30T02:35:13.256841+00:00,2026-04-30,NO,1,92,6,0,3,0.005365866680904454,1,NO,3.0,0.024634133319095593,0.0,1,3.0,0.9996961816274467,0,0,0.0
KXBTC15M-26APR292245-45,BTC,1777516522620396800,2026-04-30T02:35:22.620397+00:00,2026-04-30,NO,1,94,6,0,1,0.005365866680904454,1,NO,2.0,0.014634133319095586,0.0,1,2.0,0.9998866197058879,0,0,0.0
KXSOL15M-26APR292245-45,SOL,1777516529274399232,2026-04-30T02:35:29.274399+00:00,2026-04-30,NO,1,85,6,0,3,0.005365866680904454,1,NO,3.0,0.024634133319095593,0.0,1,3.0,0.9996976809109047,0,0,0.0
KXBTC15M-26APR292245-45,BTC,1777516563631451648,2026-04-30T02:36:03.631452+00:00,2026-04-30,NO,1,88,6,0,1,0.005365866680904454,1,NO,1.0,0.004634133319095577,0.0,1,1.0,0.9998866197058879,0,0,0.0
KXSOL15M-26APR292245-45,SOL,1777516587259459840,2026-04-30T02:36:27.259460+00:00,2026-04-30,NO,1,89,6,0,2,0.005365866680904454,1,NO,2.0,0.014634133319095586,0.0,1,2.0,0.9997939100565869,0,0,0.0
KXXRP15M-26APR292245-45,XRP,1777516604257579776,2026-04-30T02:36:44.257580+00:00,2026-04-30,NO,1,96,5,0,0,0.005365866680904454,0,,0.0,-0.005365866680904432,,0,0.0,,0,0,0.0
KXBTC15M-26APR292245-45,BTC,1777516617624026112,2026-04-30T02:36:57.624026+00:00,2026-04-30,NO,1,95,5,0,0,0.005365866680904454,0,,0.0,-0.005365866680904432,0.0,0,0.0,,0,0,0.0
KXBTC15M-26APR292245-45,BTC,1777516631622808576,2026-04-30T02:37:11.622809+00:00,2026-04-30,NO,1,87,5,0,0,0.005365866680904454,0,,0.0,-0.005365866680904432,0.0,0,0.0,,0,0,0.0
KXBTC15M-26APR292245-45,BTC,1777516643626839552,2026-04-30T02:37:23.626840+00:00,2026-04-30,NO,1,90,5,0,0,0.005365866680904454,0,,0.0,-0.005365866680904432,0.0,0,0.0,,0,0,0.0
KXBTC15M-26APR292245-45,BTC,1777516652622443008,2026-04-30T02:37:32.622443+00:00,2026-04-30,NO,1,88,5,0,0,0.005365866680904454,0,,0.0,-0.005365866680904432,0.0,0,0.0,,0,0,0.0
KXXRP15M-26APR292245-45,XRP,1777516655261338624,2026-04-30T02:37:35.261339+00:00,2026-04-30,NO,1,96,5,0,0,0.005365866680904454,0,,0.0,-0.005365866680904432,,0,0.0,,0,0,0.0
KXBTC15M-26APR292245-45,BTC,1777516663622956288,2026-04-30T02:37:43.622956+00:00,2026-04-30,NO,1,93,5,0,0,0.005365866680904454,0,,0.0,-0.005365866680904432,0.0,0,0.0,,0,0,0.0
KXETH15M-26APR292245-45,ETH,1777516664176280576,2026-04-30T02:37:44.176280+00:00,2026-04-30,NO,1,88,5,0,1,0.005365866680904454,1,NO,1.0,0.004634133319095577,0.0,1,1.0,0.9998504578925508,0,0,0.0
KXXRP15M-26APR292245-45,XRP,1777516682261260032,2026-04-30T02:38:02.261260+00:00,2026-04-30,NO,1,90,5,0,0,0.005365866680904454,0,,0.0,-0.005365866680904432,,0,0.0,,0,0,0.0
KXXRP15M-26APR292245-45,XRP,1777516683255357440,2026-04-30T02:38:03.255358+00:00,2026-04-30,NO,1,86,5,0,0,0.005365866680904454,0,,0.0,-0.005365866680904432,,0,0.0,,0,0,0.0
KXXRP15M-26APR292245-45,XRP,1777516683255357440,2026-04-30T02:38:03.255358+00:00,2026-04-30,NO,1,87,5,0,0,0.005365866680904454,0,,0.0,-0.005365866680904432,,0,0.0,,0,0,0.0
KXXRP15M-26APR292245-45,XRP,1777516690257005056,2026-04-30T02:38:10.257005+00:00,2026-04-30,NO,1,91,5,0,0,0.005365866680904454,0,,0.0,-0.005365866680904432,,0,0.0,,0,0,0.0
KXXRP15M-26APR292245-45,XRP,1777516692263355904,2026-04-30T02:38:12.263356+00:00,2026-04-30,NO,1,98,5,0,0,0.005365866680904454,0,,0.0,-0.005365866680904432,,0,0.0,,0,0,0.0
KXSOL15M-26APR292245-45,SOL,1777516729265085440,2026-04-30T02:38:49.265085+00:00,2026-04-30,NO,1,98,4,0,0,0.005365866680904454,0,,0.0,-0.005365866680904432,,0,0.0,,0,0,0.0
KXBTC15M-26APR292245-45,BTC,1777516736627280640,2026-04-30T02:38:56.627281+00:00,2026-04-30,NO,1,95,4,0,0,0.005365866680904454,0,,0.0,-0.005365866680904432,,0,0.0,,0,0,0.0
KXSOL15M-26APR292245-45,SOL,1777516772255362816,2026-04-30T02:39:32.255363+00:00,2026-04-30,NO,1,96,4,0,0,0.005365866680904454,0,,0.0,-0.005365866680904432,,0,0.0,,0,0,0.0
KXBTC15M-26APR292245-45,BTC,1777516800623317248,2026-04-30T02:40:00.623317+00:00,2026-04-30,NO,1,90,3,0,0,0.005365866680904454,0,,0.0,-0.005365866680904432,0.01,0,0.0,,0,0,0.0
KXBTC15M-26APR292245-45,BTC,1777516836623139840,2026-04-30T02:40:36.623140+00:00,2026-04-30,NO,1,93,3,0,0,0.005365866680904454,0,,0.0,-0.005365866680904432,0.01,0,0.0,,0,0,0.0
KXSOL15M-26APR292245-45,SOL,1777516949255930880,2026-04-30T02:42:29.255931+00:00,2026-04-30,NO,1,88,2,0,0,0.005365866680904454,0,,0.0,-0.005365866680904432,0.08,0,0.0,,0,0,0.0
KXBTC15M-26APR292300-00,BTC,1777517610636270592,2026-04-30T02:53:30.636271+00:00,2026-04-30,YES,0,87,4,1,12,0.9378119800332779,0,,0.0,0.06781198003327794,,0,0.0,,0,0,0.0
KXBTC15M-26APR292300-00,BTC,1777517655621479168,2026-04-30T02:54:15.621479+00:00,2026-04-30,YES,0,90,4,1,7,0.9648604269293924,0,,0.0,0.024860426929392394,,0,0.0,,0,0,0.0
KXBTC15M-26APR292300-00,BTC,1777517675633938176,2026-04-30T02:54:35.633938+00:00,2026-04-30,YES,0,85,4,1,8,0.9577836411609498,0,,0.0,0.037783641160949795,,0,0.0,,0,0,0.0
KXETH15M-26APR292300-00,ETH,1777517770163860992,2026-04-30T02:56:10.163861+00:00,2026-04-30,YES,0,90,3,1,9,0.9648604269293924,1,YES,10.0,0.06486042692939244,0.01,1,10.0,0.9995929289388619,0,0,0.0
KXBTC15M-26APR292300-00,BTC,1777517835621189632,2026-04-30T02:57:15.621190+00:00,2026-04-30,YES,0,87,2,1,5,0.9700572118563666,0,,0.0,0.010057211856366663,,0,0.0,,0,0,0.0
KXBTC15M-26APR292300-00,BTC,1777517839623345920,2026-04-30T02:57:19.623346+00:00,2026-04-30,YES,0,94,2,1,4,0.9648604269293924,0,,0.0,0.004860426929392489,,0,0.0,,0,0,0.0
KXSOL15M-26APR292300-00,SOL,1777517853256311296,2026-04-30T02:57:33.256311+00:00,2026-04-30,YES,0,88,2,1,3,0.9700572118563666,0,,0.0,5.721185636665439e-05,0.08,0,0.0,,0,0,0.0
KXXRP15M-26APR292300-00,XRP,1777517897258259712,2026-04-30T02:58:17.258260+00:00,2026-04-30,YES,0,86,1,1,0,0.9700572118563666,0,,0.0,-5.72118563666197e-05,0.0,0,0.0,,0,0,0.0
KXBTC15M-26APR292300-00,BTC,1777517900623005696,2026-04-30T02:58:20.623006+00:00,2026-04-30,YES,0,87,1,1,0,0.9700572118563666,0,,0.0,0.009942788143633379,,0,0.0,,0,0,0.0
KXXRP15M-26APR292300-00,XRP,1777517909256502272,2026-04-30T02:58:29.256502+00:00,2026-04-30,YES,0,93,1,1,0,0.9700572118563666,1,NO,-2.0,0.009942788143633379,0.0,1,-2.0,0.006474335895318905,0,0,0.0
KXXRP15M-26APR292300-00,XRP,1777517911256216832,2026-04-30T02:58:31.256217+00:00,2026-04-30,YES,0,97,1,1,0,0.9700572118563666,1,NO,-2.0,0.009942788143633379,0.0,1,-2.0,0.006474335895318905,0,0,0.0
KXETH15M-26APR292300-00,ETH,1777517918163813120,2026-04-30T02:58:38.163813+00:00,2026-04-30,YES,0,91,1,1,3,0.9700572118563666,0,,0.0,5.721185636665439e-05,0.05,0,0.0,,0,0,0.0
KXETH15M-26APR292300-00,ETH,1777517924167246080,2026-04-30T02:58:44.167246+00:00,2026-04-30,YES,0,88,1,1,2,0.9700572118563666,0,,0.0,-0.009942788143633354,0.05,0,0.0,,0,0,0.0
KXBTC15M-26APR292300-00,BTC,1777517925620956160,2026-04-30T02:58:45.620956+00:00,2026-04-30,YES,0,85,1,1,0,0.9700572118563666,0,,0.0,0.009942788143633379,,0,0.0,,0,0,0.0
KXBTC15M-26APR292315-15,BTC,1777518641622122752,2026-04-30T03:10:41.622123+00:00,2026-04-30,YES,0,91,3,1,3,0.9700572118563666,0,,0.0,-0.009942788143633354,0.01,0,0.0,,0,0,0.0
KXBTC15M-26APR292315-15,BTC,1777518650621346304,2026-04-30T03:10:50.621346+00:00,2026-04-30,YES,0,86,3,1,2,0.9700572118563666,0,,0.0,-0.009942788143633354,0.01,0,0.0,,0,0,0.0
KXBTC15M-26APR292315-15,BTC,1777518653623310848,2026-04-30T03:10:53.623311+00:00,2026-04-30,YES,0,88,3,1,2,0.9700572118563666,0,,0.0,-0.009942788143633354,0.01,0,0.0,,0,0,0.0
KXETH15M-26APR292315-15,ETH,1777518660167318016,2026-04-30T03:11:00.167318+00:00,2026-04-30,YES,0,89,3,1,6,0.9700572118563666,1,YES,7.0,0.04005721185636658,0.01,1,7.0,0.9997597586317079,0,0,0.0
KXBTC15M-26APR292315-15,BTC,1777518660623268352,2026-04-30T03:11:00.623268+00:00,2026-04-30,YES,0,87,3,1,2,0.9700572118563666,0,,0.0,-0.009942788143633354,0.01,0,0.0,,0,0,0.0
KXETH15M-26APR292315-15,ETH,1777518666169145088,2026-04-30T03:11:06.169145+00:00,2026-04-30,YES,0,87,3,1,5,0.9700572118563666,1,YES,5.0,0.02005721185636667,0.01,1,5.0,0.9997835567630909,0,0,0.0
KXETH15M-26APR292315-15,ETH,1777518671169040640,2026-04-30T03:11:11.169041+00:00,2026-04-30,YES,0,95,3,1,3,0.9700572118563666,1,YES,5.0,0.02005721185636667,0.01,1,5.0,0.9997835567630909,0,0,0.0
KXETH15M-26APR292315-15,ETH,1777518685168339200,2026-04-30T03:11:25.168339+00:00,2026-04-30,YES,0,88,3,1,3,0.9700572118563666,0,,0.0,5.721185636665439e-05,0.01,0,0.0,,0,0,0.0
KXBTC15M-26APR292315-15,BTC,1777518725621328128,2026-04-30T03:12:05.621328+00:00,2026-04-30,YES,0,92,2,1,1,0.9700572118563666,0,,0.0,-5.72118563666197e-05,,0,0.0,,0,0,0.0
KXBTC15M-26APR292315-15,BTC,1777518732622319616,2026-04-30T03:12:12.622320+00:00,2026-04-30,YES,0,93,2,1,1,0.9700572118563666,0,,0.0,-5.72118563666197e-05,,0,0.0,,0,0,0.0
KXBTC15M-26APR292315-15,BTC,1777518735624600832,2026-04-30T03:12:15.624601+00:00,2026-04-30,YES,0,89,2,1,1,0.9700572118563666,0,,0.0,-5.72118563666197e-05,,0,0.0,,0,0,0.0
KXBTC15M-26APR292315-15,BTC,1777518755621666304,2026-04-30T03:12:35.621666+00:00,2026-04-30,YES,0,85,2,1,0,0.9700572118563666,0,,0.0,-5.72118563666197e-05,,0,0.0,,0,0,0.0
KXBTC15M-26APR292315-15,BTC,1777518758624298240,2026-04-30T03:12:38.624298+00:00,2026-04-30,YES,0,92,2,1,0,0.9700572118563666,0,,0.0,-5.72118563666197e-05,,0,0.0,,0,0,0.0
KXETH15M-26APR292315-15,ETH,1777518785178444288,2026-04-30T03:13:05.178444+00:00,2026-04-30,YES,0,88,1,1,6,0.9700572118563666,0,,0.0,0.04005721185636658,0.05,0,0.0,,0,0,0.0
KXBTC15M-26APR292315-15,BTC,1777518800622140160,2026-04-30T03:13:20.622140+00:00,2026-04-30,YES,0,86,1,1,0,0.9700572118563666,0,,0.0,-5.72118563666197e-05,,0,0.0,,0,0,0.0
KXBTC15M-26APR292315-15,BTC,1777518832623352064,2026-04-30T03:13:52.623352+00:00,2026-04-30,YES,0,85,1,1,0,0.9700572118563666,0,,0.0,0.009942788143633379,,0,0.0,,0,0,0.0
KXETH15M-26APR292315-15,ETH,1777518846163999488,2026-04-30T03:14:06.164000+00:00,2026-04-30,YES,0,98,0,1,0,0.9700572118563666,0,,0.0,-5.72118563666197e-05,0.01,0,0.0,,0,0,0.0
KXETH15M-26APR292315-15,ETH,1777518850165316096,2026-04-30T03:14:10.165316+00:00,2026-04-30,YES,0,87,0,1,3,0.9700572118563666,0,,0.0,5.721185636665439e-05,0.01,0,0.0,,0,0,0.0
KXSOL15M-26APR292315-15,SOL,1777518859263304192,2026-04-30T03:14:19.263304+00:00,2026-04-30,NO,1,94,0,0,0,0.005365866680904454,0,,0.0,-0.005365866680904432,0.0,0,0.0,,0,0,0.0
KXXRP15M-26APR292330-30,XRP,1777519710258328832,2026-04-30T03:28:30.258329+00:00,2026-04-30,YES,0,87,1,1,9,0.9700572118563666,1,YES,9.0,0.060057211856366595,0.0,1,9.0,0.9982644124905322,0,0,0.0
KXBTC15M-26APR292330-30,BTC,1777519729624137216,2026-04-30T03:28:49.624137+00:00,2026-04-30,YES,0,98,1,1,0,0.9700572118563666,0,,0.0,-5.72118563666197e-05,,0,0.0,,0,0,0.0
KXETH15M-26APR292330-30,ETH,1777519758165297152,2026-04-30T03:29:18.165297+00:00,2026-04-30,YES,0,94,0,1,0,0.9700572118563666,0,,0.0,0.009942788143633379,0.01,0,0.0,,0,0,0.0
KXXRP15M-26APR292330-30,XRP,1777519766257356288,2026-04-30T03:29:26.257356+00:00,2026-04-30,YES,0,94,0,1,1,0.9700572118563666,0,,0.0,-0.010057211856366618,0.01,0,0.0,,0,0,0.0
KXETH15M-26APR292345-45,ETH,1777520270173343488,2026-04-30T03:37:50.173343+00:00,2026-04-30,YES,0,85,5,1,10,0.9648604269293924,1,YES,8.0,0.04486042692939241,0.0,1,8.0,0.9998273982576724,0,0,0.0
KXXRP15M-26APR292345-45,XRP,1777520327267264000,2026-04-30T03:38:47.267264+00:00,2026-04-30,YES,0,87,4,1,6,0.9648604269293924,0,,0.0,0.0348604269293924,,0,0.0,,0,0,0.0
KXXRP15M-26APR292345-45,XRP,1777520338258410496,2026-04-30T03:38:58.258410+00:00,2026-04-30,YES,0,91,4,1,5,0.9700572118563666,0,,0.0,0.02005721185636667,,0,0.0,,0,0,0.0
KXBTC15M-26APR292345-45,BTC,1777520356621375744,2026-04-30T03:39:16.621376+00:00,2026-04-30,YES,0,85,4,1,3,0.9700572118563666,0,,0.0,0.010057211856366663,,0,0.0,,0,0,0.0
KXBTC15M-26APR292345-45,BTC,1777520356621375744,2026-04-30T03:39:16.621376+00:00,2026-04-30,YES,0,94,4,1,3,0.9700572118563666,0,,0.0,0.010057211856366663,,0,0.0,,0,0,0.0
KXBTC15M-26APR292345-45,BTC,1777520383621230592,2026-04-30T03:39:43.621231+00:00,2026-04-30,YES,0,93,4,1,2,0.9700572118563666,0,,0.0,-0.009942788143633354,,0,0.0,,0,0,0.0
KXSOL15M-26APR292345-45,SOL,1777520396264500224,2026-04-30T03:39:56.264500+00:00,2026-04-30,YES,0,89,4,1,2,0.9700572118563666,0,,0.0,-0.009942788143633354,,0,0.0,,0,0,0.0
KXXRP15M-26APR292345-45,XRP,1777520429264513280,2026-04-30T03:40:29.264513+00:00,2026-04-30,YES,0,87,3,1,3,0.9700572118563666,0,,0.0,-0.009942788143633354,0.05,0,0.0,,0,0,0.0
KXETH15M-26APR292345-45,ETH,1777520452170189056,2026-04-30T03:40:52.170189+00:00,2026-04-30,YES,0,95,3,1,0,0.9700572118563666,0,,0.0,-5.72118563666197e-05,0.01,0,0.0,,0,0,0.0
KXETH15M-26APR292345-45,ETH,1777520458164922368,2026-04-30T03:40:58.164922+00:00,2026-04-30,YES,0,96,3,1,0,0.9700572118563666,0,,0.0,-5.72118563666197e-05,0.01,0,0.0,,0,0,0.0
KXETH15M-26APR292345-45,ETH,1777520460168889600,2026-04-30T03:41:00.168890+00:00,2026-04-30,YES,0,88,3,1,0,0.9700572118563666,0,,0.0,-5.72118563666197e-05,0.01,0,0.0,,0,0,0.0
KXETH15M-26APR292345-45,ETH,1777520464168331776,2026-04-30T03:41:04.168332+00:00,2026-04-30,YES,0,96,3,1,0,0.9700572118563666,0,,0.0,0.009942788143633379,0.01,0,0.0,,0,0,0.0
KXSOL15M-26APR292345-45,SOL,1777520470260305920,2026-04-30T03:41:10.260306+00:00,2026-04-30,YES,0,91,3,1,1,0.9700572118563666,0,,0.0,-0.019942788143633365,0.08,0,0.0,,0,0,0.0
KXSOL15M-26APR292345-45,SOL,1777520490267412224,2026-04-30T03:41:30.267412+00:00,2026-04-30,YES,0,88,3,1,1,0.9700572118563666,0,,0.0,-0.010057211856366618,0.08,0,0.0,,0,0,0.0
KXETH15M-26APR292345-45,ETH,1777520495173329408,2026-04-30T03:41:35.173329+00:00,2026-04-30,YES,0,90,3,1,0,0.9700572118563666,0,,0.0,0.009942788143633379,0.01,0,0.0,,0,0,0.0
KXSOL15M-26APR292345-45,SOL,1777520497270338560,2026-04-30T03:41:37.270339+00:00,2026-04-30,YES,0,95,3,1,1,0.9700572118563666,0,,0.0,-5.72118563666197e-05,0.08,0,0.0,,0,0,0.0
KXETH15M-26APR292345-45,ETH,1777520507180289024,2026-04-30T03:41:47.180289+00:00,2026-04-30,YES,0,96,2,1,0,0.9700572118563666,0,,0.0,0.009942788143633379,0.01,0,0.0,,0,0,0.0
KXBTC15M-26APR292345-45,BTC,1777520567629614336,2026-04-30T03:42:47.629614+00:00,2026-04-30,YES,0,94,2,1,1,0.9700572118563666,0,,0.0,-5.72118563666197e-05,,0,0.0,,0,0,0.0
KXETH15M-26APR292345-45,ETH,1777520619175255296,2026-04-30T03:43:39.175255+00:00,2026-04-30,YES,0,89,1,1,0,0.9700572118563666,0,,0.0,0.009942788143633379,0.05,0,0.0,,0,0,0.0
KXETH15M-26APR300000-00,ETH,1777521305165944064,2026-04-30T03:55:05.165944+00:00,2026-04-30,YES,0,86,3,1,7,0.9700572118563666,1,YES,7.0,0.04005721185636658,0.01,1,7.0,0.9996991024157892,0,0,0.0
KXETH15M-26APR300000-00,ETH,1777521469167293952,2026-04-30T03:57:49.167294+00:00,2026-04-30,YES,0,89,2,1,4,0.9648604269293924,0,,0.0,0.004860426929392489,0.01,0,0.0,,0,0,0.0
KXETH15M-26APR300000-00,ETH,1777521482167805184,2026-04-30T03:58:02.167805+00:00,2026-04-30,YES,0,89,1,1,2,0.9700572118563666,0,,0.0,-0.009942788143633354,0.05,0,0.0,,0,0,0.0
KXSOL15M-26APR300000-00,SOL,1777521532257288192,2026-04-30T03:58:52.257288+00:00,2026-04-30,NO,1,96,1,0,3,0.005365866680904454,1,NO,3.0,0.024634133319095593,0.01,1,3.0,0.9992310373247396,0,0,0.0
KXETH15M-26APR300000-00,ETH,1777521539164025600,2026-04-30T03:58:59.164026+00:00,2026-04-30,YES,0,99,1,1,0,0.9700572118563666,0,,0.0,0.009942788143633379,0.05,0,0.0,,0,0,0.0
KXETH15M-26APR300000-00,ETH,1777521576167168256,2026-04-30T03:59:36.167168+00:00,2026-04-30,YES,0,92,0,1,0,0.9700572118563666,0,,0.0,0.009942788143633379,0.01,0,0.0,,0,0,0.0
KXBTC15M-26APR300000-00,BTC,1777521590622939904,2026-04-30T03:59:50.622940+00:00,2026-04-30,NO,1,95,0,0,2,0.005365866680904454,0,,0.0,-0.005365866680904432,0.01,0,0.0,,0,0,0.0
KXSOL15M-26APR300015-15,SOL,1777521930259340032,2026-04-30T04:05:30.259340+00:00,2026-04-30,NO,1,90,6,0,6,0.005365866680904454,1,NO,7.0,0.06463413331909552,0.0,1,7.0,0.9997188208577051,0,0,0.0
KXETH15M-26APR300015-15,ETH,1777521941167429376,2026-04-30T04:05:41.167429+00:00,2026-04-30,NO,1,91,6,0,7,0.005365866680904454,1,NO,7.0,0.06463413331909552,0.0,1,7.0,0.9997692797654376,0,0,0.0
KXETH15M-26APR300015-15,ETH,1777521943167282944,2026-04-30T04:05:43.167283+00:00,2026-04-30,NO,1,89,6,0,7,0.005365866680904454,1,NO,7.0,0.06463413331909552,0.0,1,7.0,0.9997692797654376,0,0,0.0
KXSOL15M-26APR300015-15,SOL,1777521949259541504,2026-04-30T04:05:49.259542+00:00,2026-04-30,NO,1,85,6,0,2,0.005365866680904454,1,NO,2.0,0.014634133319095586,0.0,1,2.0,0.9996733804389528,0,0,0.0
KXSOL15M-26APR300015-15,SOL,1777521953257203456,2026-04-30T04:05:53.257203+00:00,2026-04-30,NO,1,88,6,0,2,0.005365866680904454,1,NO,2.0,0.014634133319095586,0.0,1,2.0,0.9996958941218328,0,0,0.0
KXBTC15M-26APR300015-15,BTC,1777521970623961856,2026-04-30T04:06:10.623962+00:00,2026-04-30,NO,1,94,6,0,2,0.005365866680904454,1,NO,4.0,0.0346341333190956,0.0,1,4.0,0.9998867873252798,0,0,0.0
KXBTC15M-26APR300015-15,BTC,1777521979624930560,2026-04-30T04:06:19.624931+00:00,2026-04-30,NO,1,86,6,0,3,0.005365866680904454,1,NO,2.0,0.014634133319095586,0.0,1,2.0,0.9998902752926608,0,0,0.0
KXBTC15M-26APR300015-15,BTC,1777521987624331008,2026-04-30T04:06:27.624331+00:00,2026-04-30,NO,1,95,6,0,2,0.005365866680904454,1,NO,2.0,0.014634133319095586,0.0,1,2.0,0.9998902752926608,0,0,0.0
KXXRP15M-26APR300015-15,XRP,1777522000260301568,2026-04-30T04:06:40.260302+00:00,2026-04-30,NO,1,96,5,0,0,0.005365866680904454,0,,0.0,-0.005365866680904432,,0,0.0,,0,0,0.0
KXBTC15M-26APR300015-15,BTC,1777522013624329728,2026-04-30T04:06:53.624330+00:00,2026-04-30,NO,1,86,5,0,3,0.005365866680904454,1,NO,3.0,0.024634133319095593,0.0,1,3.0,0.9998902752926608,0,0,0.0
KXBTC15M-26APR300015-15,BTC,1777522075622784000,2026-04-30T04:07:55.622784+00:00,2026-04-30,NO,1,93,5,0,3,0.005365866680904454,1,NO,3.0,0.024634133319095593,0.0,1,3.0,0.9998902752926608,0,0,0.0
KXBTC15M-26APR300015-15,BTC,1777522084620276992,2026-04-30T04:08:04.620277+00:00,2026-04-30,NO,1,91,5,0,3,0.005365866680904454,1,NO,2.0,0.014634133319095586,0.0,1,2.0,0.9998902752926608,0,0,0.0
KXBTC15M-26APR300015-15,BTC,1777522092624115712,2026-04-30T04:08:12.624116+00:00,2026-04-30,NO,1,92,5,0,2,0.005365866680904454,1,NO,2.0,0.014634133319095586,0.0,1,2.0,0.9998902752926608,0,0,0.0
KXBTC15M-26APR300015-15,BTC,1777522131621331456,2026-04-30T04:08:51.621331+00:00,2026-04-30,NO,1,87,4,0,0,0.005365866680904454,0,,0.0,-0.005365866680904432,,0,0.0,,0,0,0.0
KXSOL15M-26APR300015-15,SOL,1777522135259275008,2026-04-30T04:08:55.259275+00:00,2026-04-30,NO,1,93,4,0,1,0.005365866680904454,0,,0.0,0.004634133319095577,,0,0.0,,0,0,0.0
KXBTC15M-26APR300015-15,BTC,1777522143626275328,2026-04-30T04:09:03.626275+00:00,2026-04-30,NO,1,96,4,0,1,0.005365866680904454,0,,0.0,0.004634133319095577,,0,0.0,,0,0,0.0
KXSOL15M-26APR300015-15,SOL,1777522165255561472,2026-04-30T04:09:25.255562+00:00,2026-04-30,NO,1,94,4,0,0,0.005365866680904454,0,,0.0,-0.005365866680904432,,0,0.0,,0,0,0.0
KXSOL15M-26APR300015-15,SOL,1777522223255867136,2026-04-30T04:10:23.255867+00:00,2026-04-30,NO,1,90,3,0,0,0.005365866680904454,0,,0.0,-0.005365866680904432,0.08,0,0.0,,0,0,0.0
KXBTC15M-26APR300015-15,BTC,1777522229623282176,2026-04-30T04:10:29.623282+00:00,2026-04-30,NO,1,85,3,0,0,0.005365866680904454,0,,0.0,-0.005365866680904432,0.01,0,0.0,,0,0,0.0
KXBTC15M-26APR300015-15,BTC,1777522231620488960,2026-04-30T04:10:31.620489+00:00,2026-04-30,NO,1,87,3,0,0,0.005365866680904454,0,,0.0,-0.005365866680904432,0.01,0,0.0,,0,0,0.0
KXBTC15M-26APR300015-15,BTC,1777522232625471488,2026-04-30T04:10:32.625472+00:00,2026-04-30,NO,1,94,3,0,1,0.005365866680904454,0,,0.0,-0.005365866680904432,0.01,0,0.0,,0,0,0.0
KXETH15M-26APR300015-15,ETH,1777522253164966912,2026-04-30T04:10:53.164967+00:00,2026-04-30,NO,1,89,3,0,1,0.005365866680904454,0,,0.0,0.004634133319095577,0.01,0,0.0,,0,0,0.0
KXETH15M-26APR300015-15,ETH,1777522253164966912,2026-04-30T04:10:53.164967+00:00,2026-04-30,NO,1,95,3,0,1,0.005365866680904454,0,,0.0,0.004634133319095577,0.01,0,0.0,,0,0,0.0
KXXRP15M-26APR300015-15,XRP,1777522253263321344,2026-04-30T04:10:53.263321+00:00,2026-04-30,NO,1,93,3,0,0,0.005365866680904454,0,,0.0,-0.005365866680904432,0.05,0,0.0,,0,0,0.0
KXETH15M-26APR300015-15,ETH,1777522273165090048,2026-04-30T04:11:13.165090+00:00,2026-04-30,NO,1,93,3,0,0,0.005365866680904454,0,,0.0,-0.005365866680904432,0.01,0,0.0,,0,0,0.0
KXBTC15M-26APR300015-15,BTC,1777522275625868288,2026-04-30T04:11:15.625868+00:00,2026-04-30,NO,1,97,3,0,0,0.005365866680904454,0,,0.0,-0.005365866680904432,0.01,0,0.0,,0,0,0.0
KXBTC15M-26APR300015-15,BTC,1777522343620608256,2026-04-30T04:12:23.620608+00:00,2026-04-30,NO,1,89,2,0,0,0.005365866680904454,0,,0.0,-0.005365866680904432,,0,0.0,,0,0,0.0
KXETH15M-26APR300015-15,ETH,1777522352170022400,2026-04-30T04:12:32.170022+00:00,2026-04-30,NO,1,92,2,0,0,0.005365866680904454,0,,0.0,-0.005365866680904432,0.01,0,0.0,,0,0,0.0
KXBTC15M-26APR300015-15,BTC,1777522373625307648,2026-04-30T04:12:53.625308+00:00,2026-04-30,NO,1,95,2,0,0,0.005365866680904454,0,,0.0,-0.005365866680904432,,0,0.0,,0,0,0.0
KXBTC15M-26APR300015-15,BTC,1777522373625307648,2026-04-30T04:12:53.625308+00:00,2026-04-30,NO,1,97,2,0,0,0.005365866680904454,0,,0.0,-0.005365866680904432,,0,0.0,,0,0,0.0
KXBTC15M-26APR300015-15,BTC,1777522468625307392,2026-04-30T04:14:28.625307+00:00,2026-04-30,NO,1,88,0,0,0,0.005365866680904454,0,,0.0,-0.005365866680904432,0.01,0,0.0,,0,0,0.0
KXXRP15M-26APR300030-30,XRP,1777522832256246272,2026-04-30T04:20:32.256246+00:00,2026-04-30,NO,1,86,6,0,5,0.005365866680904454,1,NO,5.0,0.04463413331909561,0.0,1,5.0,0.9994435085292718,0,0,0.0
KXETH15M-26APR300030-30,ETH,1777522853169171712,2026-04-30T04:20:53.169172+00:00,2026-04-30,NO,1,91,6,0,6,0.005365866680904454,1,NO,6.0,0.05463413331909551,0.0,1,6.0,0.999841831930188,0,0,0.0
KXXRP15M-26APR300030-30,XRP,1777522866257335040,2026-04-30T04:21:06.257335+00:00,2026-04-30,NO,1,89,6,0,4,0.005365866680904454,1,NO,4.0,0.0346341333190956,0.0,1,4.0,0.9995221187671434,0,0,0.0
KXBTC15M-26APR300030-30,BTC,1777522907620224256,2026-04-30T04:21:47.620224+00:00,2026-04-30,NO,1,87,5,0,9,0.005365866680904454,1,NO,9.0,0.08463413331909554,0.0,1,9.0,0.9996971248702927,0,0,0.0
KXBTC15M-26APR300030-30,BTC,1777522986626110464,2026-04-30T04:23:06.626111+00:00,2026-04-30,NO,1,87,5,0,8,0.005365866680904454,1,NO,8.0,0.07463413331909553,0.0,1,8.0,0.9998578699879942,0,0,0.0
KXBTC15M-26APR300030-30,BTC,1777523039625937408,2026-04-30T04:23:59.625937+00:00,2026-04-30,NO,1,91,4,0,2,0.005365866680904454,0,,0.0,0.014634133319095586,,0,0.0,,0,0,0.0
KXSOL15M-26APR300030-30,SOL,1777523093259882240,2026-04-30T04:24:53.259882+00:00,2026-04-30,NO,1,91,4,0,2,0.005365866680904454,0,,0.0,0.014634133319095586,,0,0.0,,0,0,0.0
KXETH15M-26APR300030-30,ETH,1777523108168274688,2026-04-30T04:25:08.168275+00:00,2026-04-30,NO,1,87,3,0,4,0.005365866680904454,1,NO,4.0,0.0346341333190956,0.01,1,4.0,0.9998131908261122,0,0,0.0
KXETH15M-26APR300030-30,ETH,1777523111165320448,2026-04-30T04:25:11.165320+00:00,2026-04-30,NO,1,87,3,0,7,0.005365866680904454,1,NO,7.0,0.06463413331909552,0.01,1,7.0,0.9997580254596642,0,0,0.0
KXBTC15M-26APR300030-30,BTC,1777523135622281216,2026-04-30T04:25:35.622281+00:00,2026-04-30,NO,1,89,3,0,3,0.005365866680904454,1,NO,4.0,0.0346341333190956,0.01,1,4.0,0.9998867873252798,0,0,0.0
KXBTC15M-26APR300030-30,BTC,1777523140623764480,2026-04-30T04:25:40.623765+00:00,2026-04-30,NO,1,95,3,0,3,0.005365866680904454,1,NO,3.0,0.024634133319095593,0.01,1,3.0,0.9998867873252798,0,0,0.0
KXBTC15M-26APR300030-30,BTC,1777523168620747520,2026-04-30T04:26:08.620748+00:00,2026-04-30,NO,1,86,3,0,2,0.005365866680904454,1,NO,2.0,0.014634133319095586,0.01,1,2.0,0.9998902752926608,0,0,0.0
KXSOL15M-26APR300030-30,SOL,1777523179255634688,2026-04-30T04:26:19.255635+00:00,2026-04-30,NO,1,87,3,0,4,0.005365866680904454,0,,0.0,0.06463413331909552,0.08,0,0.0,,0,0,0.0
KXETH15M-26APR300030-30,ETH,1777523203165313024,2026-04-30T04:26:43.165313+00:00,2026-04-30,NO,1,90,2,0,3,0.005365866680904454,1,NO,3.0,0.024634133319095593,0.01,1,3.0,0.9998040157676032,0,0,0.0
KXETH15M-26APR300030-30,ETH,1777523204169246208,2026-04-30T04:26:44.169246+00:00,2026-04-30,NO,1,87,2,0,3,0.005365866680904454,1,NO,3.0,0.024634133319095593,0.01,1,3.0,0.9998040157676032,0,0,0.0
KXETH15M-26APR300030-30,ETH,1777523204169246208,2026-04-30T04:26:44.169246+00:00,2026-04-30,NO,1,89,2,0,3,0.005365866680904454,1,NO,3.0,0.024634133319095593,0.01,1,3.0,0.9998040157676032,0,0,0.0
KXBTC15M-26APR300030-30,BTC,1777523214622193408,2026-04-30T04:26:54.622193+00:00,2026-04-30,NO,1,86,2,0,1,0.005365866680904454,0,,0.0,0.004634133319095577,,0,0.0,,0,0,0.0
KXETH15M-26APR300030-30,ETH,1777523218166382080,2026-04-30T04:26:58.166382+00:00,2026-04-30,NO,1,96,2,0,2,0.005365866680904454,1,NO,2.0,0.014634133319095586,0.01,1,2.0,0.9997910251969223,0,0,0.0
KXBTC15M-26APR300030-30,BTC,1777523244622268416,2026-04-30T04:27:24.622268+00:00,2026-04-30,NO,1,98,2,0,0,0.005365866680904454,0,,0.0,-0.005365866680904432,,0,0.0,,0,0,0.0
KXETH15M-26APR300030-30,ETH,1777523260164285952,2026-04-30T04:27:40.164286+00:00,2026-04-30,NO,1,95,2,0,0,0.005365866680904454,0,,0.0,-0.005365866680904432,0.01,0,0.0,,0,0,0.0
KXETH15M-26APR300030-30,ETH,1777523262166343424,2026-04-30T04:27:42.166343+00:00,2026-04-30,NO,1,98,2,0,0,0.005365866680904454,0,,0.0,-0.005365866680904432,0.01,0,0.0,,0,0,0.0
KXBTC15M-26APR300030-30,BTC,1777523273624877824,2026-04-30T04:27:53.624878+00:00,2026-04-30,NO,1,99,2,0,0,0.005365866680904454,0,,0.0,-0.005365866680904432,,0,0.0,,0,0,0.0
KXETH15M-26APR300030-30,ETH,1777523279169303552,2026-04-30T04:27:59.169304+00:00,2026-04-30,NO,1,90,2,0,0,0.005365866680904454,0,,0.0,-0.005365866680904432,0.01,0,0.0,,0,0,0.0
KXBTC15M-26APR300030-30,BTC,1777523285622216448,2026-04-30T04:28:05.622216+00:00,2026-04-30,NO,1,93,1,0,0,0.005365866680904454,0,,0.0,-0.005365866680904432,,0,0.0,,0,0,0.0
KXETH15M-26APR300030-30,ETH,1777523318167335168,2026-04-30T04:28:38.167335+00:00,2026-04-30,NO,1,98,1,0,0,0.005365866680904454,0,,0.0,-0.005365866680904432,0.05,0,0.0,,0,0,0.0
KXETH15M-26APR300030-30,ETH,1777523323165339648,2026-04-30T04:28:43.165340+00:00,2026-04-30,NO,1,86,1,0,0,0.005365866680904454,0,,0.0,-0.005365866680904432,0.05,0,0.0,,0,0,0.0
KXBTC15M-26APR300030-30,BTC,1777523343622303744,2026-04-30T04:29:03.622304+00:00,2026-04-30,NO,1,98,0,0,0,0.005365866680904454,0,,0.0,-0.005365866680904432,0.01,0,0.0,,0,0,0.0
KXBTC15M-26APR300030-30,BTC,1777523348622308096,2026-04-30T04:29:08.622308+00:00,2026-04-30,NO,1,94,0,0,0,0.005365866680904454,0,,0.0,-0.005365866680904432,0.01,0,0.0,,0,0,0.0
KXBTC15M-26APR300030-30,BTC,1777523349620409600,2026-04-30T04:29:09.620409+00:00,2026-04-30,NO,1,88,0,0,0,0.005365866680904454,0,,0.0,-0.005365866680904432,0.01,0,0.0,,0,0,0.0
KXSOL15M-26APR300045-45,SOL,1777523493256357632,2026-04-30T04:31:33.256358+00:00,2026-04-30,NO,1,86,7,0,10,0.005365866680904454,1,NO,9.0,0.08463413331909554,0.0,1,9.0,0.9995986572695659,0,0,0.0
KXSOL15M-26APR300045-45,SOL,1777523560256270848,2026-04-30T04:32:40.256271+00:00,2026-04-30,NO,1,86,7,0,2,0.005365866680904454,1,NO,2.0,0.014634133319095586,0.0,1,2.0,0.9998533980704966,0,0,0.0
KXSOL15M-26APR300045-45,SOL,1777523586265330432,2026-04-30T04:33:06.265330+00:00,2026-04-30,NO,1,89,7,0,5,0.005365866680904454,1,NO,5.0,0.04463413331909561,0.0,1,5.0,0.9998565849295444,0,0,0.0
KXXRP15M-26APR300045-45,XRP,1777523596256323072,2026-04-30T04:33:16.256323+00:00,2026-04-30,NO,1,86,7,0,4,0.005365866680904454,1,NO,4.0,0.0346341333190956,0.0,1,4.0,0.9998110908051153,0,0,0.0
KXXRP15M-26APR300045-45,XRP,1777523674262038528,2026-04-30T04:34:34.262038+00:00,2026-04-30,NO,1,87,7,0,2,0.005365866680904454,1,NO,2.0,0.014634133319095586,0.0,1,2.0,0.9998565849295444,0,0,0.0
KXSOL15M-26APR300045-45,SOL,1777523684259202048,2026-04-30T04:34:44.259202+00:00,2026-04-30,NO,1,89,7,0,2,0.005365866680904454,1,NO,2.0,0.014634133319095586,0.0,1,2.0,0.9998181049491593,0,0,0.0
KXXRP15M-26APR300045-45,XRP,1777523689258015232,2026-04-30T04:34:49.258015+00:00,2026-04-30,NO,1,93,7,0,2,0.005365866680904454,1,NO,2.0,0.014634133319095586,0.0,1,2.0,0.9998565849295444,0,0,0.0
KXSOL15M-26APR300045-45,SOL,1777523702256584448,2026-04-30T04:35:02.256584+00:00,2026-04-30,NO,1,87,6,0,4,0.005365866680904454,1,NO,4.0,0.0346341333190956,0.0,1,4.0,0.9998331892834357,0,0,0.0
KXXRP15M-26APR300045-45,XRP,1777523705256494336,2026-04-30T04:35:05.256494+00:00,2026-04-30,NO,1,86,6,0,1,0.005365866680904454,1,NO,2.0,0.014634133319095586,0.0,1,2.0,0.9998565849295444,0,0,0.0
KXXRP15M-26APR300045-45,XRP,1777523708278285312,2026-04-30T04:35:08.278285+00:00,2026-04-30,NO,1,93,6,0,1,0.005365866680904454,1,NO,1.0,0.004634133319095577,0.0,1,1.0,0.9998565849295444,0,0,0.0
KXETH15M-26APR300045-45,ETH,1777523751167062528,2026-04-30T04:35:51.167063+00:00,2026-04-30,NO,1,92,6,0,4,0.005365866680904454,1,NO,4.0,0.0346341333190956,0.0,1,4.0,0.9998188789656911,0,0,0.0
KXBTC15M-26APR300045-45,BTC,1777523754622047488,2026-04-30T04:35:54.622047+00:00,2026-04-30,NO,1,89,6,0,4,0.005365866680904454,1,NO,4.0,0.0346341333190956,0.0,1,4.0,0.9998867873252798,0,0,0.0
KXXRP15M-26APR300045-45,XRP,1777523765256088320,2026-04-30T04:36:05.256088+00:00,2026-04-30,NO,1,93,6,0,1,0.005365866680904454,1,NO,1.0,0.004634133319095577,0.0,1,1.0,0.9998565849295444,0,0,0.0
KXSOL15M-26APR300045-45,SOL,1777523779257327104,2026-04-30T04:36:19.257327+00:00,2026-04-30,NO,1,86,6,0,4,0.005365866680904454,1,NO,5.0,0.04463413331909561,0.0,1,5.0,0.9998482026516772,0,0,0.0
KXSOL15M-26APR300045-45,SOL,1777523781258529280,2026-04-30T04:36:21.258529+00:00,2026-04-30,NO,1,89,6,0,4,0.005365866680904454,1,NO,4.0,0.0346341333190956,0.0,1,4.0,0.9998482026516772,0,0,0.0
KXETH15M-26APR300045-45,ETH,1777523795166636544,2026-04-30T04:36:35.166636+00:00,2026-04-30,NO,1,86,6,0,4,0.005365866680904454,1,NO,4.0,0.0346341333190956,0.0,1,4.0,0.9998019925259329,0,0,0.0
KXBTC15M-26APR300045-45,BTC,1777523815624338432,2026-04-30T04:36:55.624338+00:00,2026-04-30,NO,1,89,5,0,3,0.005365866680904454,1,NO,3.0,0.024634133319095593,0.0,1,3.0,0.9998902752926608,0,0,0.0
KXBTC15M-26APR300045-45,BTC,1777523850623332096,2026-04-30T04:37:30.623332+00:00,2026-04-30,NO,1,91,5,0,0,0.005365866680904454,0,,0.0,-0.005365866680904432,0.0,0,0.0,,0,0,0.0
KXBTC15M-26APR300045-45,BTC,1777523857622988032,2026-04-30T04:37:37.622988+00:00,2026-04-30,NO,1,99,5,0,0,0.005365866680904454,0,,0.0,-0.005365866680904432,0.0,0,0.0,,0,0,0.0
KXBTC15M-26APR300045-45,BTC,1777523860621190400,2026-04-30T04:37:40.621190+00:00,2026-04-30,NO,1,97,5,0,0,0.005365866680904454,0,,0.0,-0.005365866680904432,0.0,0,0.0,,0,0,0.0
KXBTC15M-26APR300045-45,BTC,1777523874623266048,2026-04-30T04:37:54.623266+00:00,2026-04-30,NO,1,95,5,0,1,0.005365866680904454,0,,0.0,-0.005365866680904432,0.0,0,0.0,,0,0,0.0
KXBTC15M-26APR300045-45,BTC,1777523895623266560,2026-04-30T04:38:15.623266+00:00,2026-04-30,NO,1,96,5,0,0,0.005365866680904454,0,,0.0,-0.005365866680904432,0.0,0,0.0,,0,0,0.0
KXBTC15M-26APR300045-45,BTC,1777523958620077056,2026-04-30T04:39:18.620077+00:00,2026-04-30,NO,1,88,4,0,0,0.005365866680904454,0,,0.0,-0.005365866680904432,,0,0.0,,0,0,0.0
KXBTC15M-26APR300045-45,BTC,1777523960624458752,2026-04-30T04:39:20.624459+00:00,2026-04-30,NO,1,88,4,0,0,0.005365866680904454,0,,0.0,-0.005365866680904432,,0,0.0,,0,0,0.0
KXBTC15M-26APR300045-45,BTC,1777523971624735488,2026-04-30T04:39:31.624736+00:00,2026-04-30,NO,1,91,4,0,0,0.005365866680904454,0,,0.0,-0.005365866680904432,,0,0.0,,0,0,0.0
KXBTC15M-26APR300045-45,BTC,1777523976622261248,2026-04-30T04:39:36.622261+00:00,2026-04-30,NO,1,89,4,0,0,0.005365866680904454,0,,0.0,-0.005365866680904432,,0,0.0,,0,0,0.0
KXXRP15M-26APR300045-45,XRP,1777524006257341952,2026-04-30T04:40:06.257342+00:00,2026-04-30,NO,1,86,3,0,0,0.005365866680904454,0,,0.0,-0.005365866680904432,0.05,0,0.0,,0,0,0.0
KXBTC15M-26APR300045-45,BTC,1777524010624030208,2026-04-30T04:40:10.624030+00:00,2026-04-30,NO,1,99,3,0,0,0.005365866680904454,0,,0.0,-0.005365866680904432,0.01,0,0.0,,0,0,0.0
KXXRP15M-26APR300045-45,XRP,1777524016260019712,2026-04-30T04:40:16.260020+00:00,2026-04-30,NO,1,92,3,0,0,0.005365866680904454,0,,0.0,-0.005365866680904432,0.05,0,0.0,,0,0,0.0
KXSOL15M-26APR300045-45,SOL,1777524115258298880,2026-04-30T04:41:55.258299+00:00,2026-04-30,NO,1,91,2,0,0,0.005365866680904454,0,,0.0,-0.005365866680904432,0.08,0,0.0,,0,0,0.0
KXETH15M-26APR300045-45,ETH,1777524264168303616,2026-04-30T04:44:24.168304+00:00,2026-04-30,NO,1,99,0,0,0,0.005365866680904454,0,,0.0,-0.005365866680904432,0.01,0,0.0,,0,0,0.0
KXETH15M-26APR300045-45,ETH,1777524270166250240,2026-04-30T04:44:30.166250+00:00,2026-04-30,NO,1,98,0,0,0,0.005365866680904454,0,,0.0,-0.005365866680904432,0.01,0,0.0,,0,0,0.0
KXBTC15M-26APR300100-00,BTC,1777525093624259584,2026-04-30T04:58:13.624259+00:00,2026-04-30,YES,0,93,1,1,4,0.9700572118563666,0,,0.0,0.02005721185636667,,0,0.0,,0,0,0.0
KXETH15M-26APR300100-00,ETH,1777525094164292864,2026-04-30T04:58:14.164293+00:00,2026-04-30,YES,0,86,1,1,6,0.9577836411609498,0,,0.0,0.017783641160949777,0.05,0,0.0,,0,0,0.0
KXETH15M-26APR300100-00,ETH,1777525096168325888,2026-04-30T04:58:16.168326+00:00,2026-04-30,YES,0,91,1,1,6,0.9378119800332779,0,,0.0,-0.0021880199667221236,0.05,0,0.0,,0,0,0.0
KXBTC15M-26APR300100-00,BTC,1777525114622464000,2026-04-30T04:58:34.622464+00:00,2026-04-30,YES,0,86,1,1,1,0.9700572118563666,0,,0.0,-0.009942788143633354,,0,0.0,,0,0,0.0
KXBTC15M-26APR300100-00,BTC,1777525117624302848,2026-04-30T04:58:37.624303+00:00,2026-04-30,YES,0,92,1,1,2,0.9700572118563666,0,,0.0,-0.009942788143633354,,0,0.0,,0,0,0.0
KXBTC15M-26APR300100-00,BTC,1777525123620944384,2026-04-30T04:58:43.620944+00:00,2026-04-30,YES,0,94,1,1,1,0.9700572118563666,0,,0.0,-5.72118563666197e-05,,0,0.0,,0,0,0.0
KXBTC15M-26APR300100-00,BTC,1777525125623268864,2026-04-30T04:58:45.623269+00:00,2026-04-30,YES,0,89,1,1,1,0.9700572118563666,0,,0.0,-0.010057211856366618,,0,0.0,,0,0,0.0
KXBTC15M-26APR300100-00,BTC,1777525125623268864,2026-04-30T04:58:45.623269+00:00,2026-04-30,YES,0,92,1,1,1,0.9700572118563666,0,,0.0,-0.010057211856366618,,0,0.0,,0,0,0.0
KXXRP15M-26APR300100-00,XRP,1777525126259338496,2026-04-30T04:58:46.259338+00:00,2026-04-30,YES,0,88,1,1,3,0.9700572118563666,1,YES,4.0,0.010057211856366663,0.0,1,4.0,0.9990834276689448,0,0,0.0
KXBTC15M-26APR300100-00,BTC,1777525169621508352,2026-04-30T04:59:29.621508+00:00,2026-04-30,YES,0,88,0,1,0,0.9700572118563666,0,,0.0,0.009942788143633379,0.01,0,0.0,,0,0,0.0
KXSOL15M-26APR300100-00,SOL,1777525177257287936,2026-04-30T04:59:37.257288+00:00,2026-04-30,NO,1,89,0,0,0,0.005365866680904454,0,,0.0,-0.005365866680904432,0.0,0,0.0,,0,0,0.0
KXSOL15M-26APR300100-00,SOL,1777525184256371456,2026-04-30T04:59:44.256371+00:00,2026-04-30,NO,1,89,0,0,0,0.005365866680904454,0,,0.0,-0.005365866680904432,0.0,0,0.0,,0,0,0.0
KXXRP15M-26APR300115-15,XRP,1777525632257179904,2026-04-30T05:07:12.257180+00:00,2026-04-30,YES,0,86,5,1,6,0.9700572118563666,0,,0.0,0.03005721185636657,,0,0.0,,0,0,0.0
KXETH15M-26APR300115-15,ETH,1777525653164455936,2026-04-30T05:07:33.164456+00:00,2026-04-30,YES,0,90,5,1,6,0.9700572118563666,1,YES,6.0,0.03005721185636657,0.0,1,6.0,0.9996807387594612,0,0,0.0
KXXRP15M-26APR300115-15,XRP,1777525669257254656,2026-04-30T05:07:49.257255+00:00,2026-04-30,YES,0,92,5,1,3,0.9700572118563666,0,,0.0,0.010057211856366663,,0,0.0,,0,0,0.0
KXETH15M-26APR300115-15,ETH,1777525697166300672,2026-04-30T05:08:17.166301+00:00,2026-04-30,YES,0,95,5,1,4,0.9700572118563666,1,YES,4.0,0.010057211856366663,0.0,1,4.0,0.9996340487519207,0,0,0.0
KXBTC15M-26APR300115-15,BTC,1777525710626268160,2026-04-30T05:08:30.626268+00:00,2026-04-30,YES,0,93,4,1,4,0.9700572118563666,0,,0.0,0.010057211856366663,,0,0.0,,0,0,0.0
KXXRP15M-26APR300115-15,XRP,1777525715258909696,2026-04-30T05:08:35.258910+00:00,2026-04-30,YES,0,89,4,1,1,0.9700572118563666,0,,0.0,-0.009942788143633354,,0,0.0,,0,0,0.0
KXBTC15M-26APR300115-15,BTC,1777525732628306944,2026-04-30T05:08:52.628307+00:00,2026-04-30,YES,0,88,4,1,4,0.9700572118563666,0,,0.0,0.010057211856366663,,0,0.0,,0,0,0.0
KXXRP15M-26APR300115-15,XRP,1777525740257169408,2026-04-30T05:09:00.257169+00:00,2026-04-30,YES,0,94,4,1,1,0.9700572118563666,0,,0.0,-0.019942788143633365,,0,0.0,,0,0,0.0
KXBTC15M-26APR300115-15,BTC,1777525740622650112,2026-04-30T05:09:00.622650+00:00,2026-04-30,YES,0,92,4,1,3,0.9700572118563666,0,,0.0,5.721185636665439e-05,,0,0.0,,0,0,0.0
KXSOL15M-26APR300115-15,SOL,1777525802256925184,2026-04-30T05:10:02.256925+00:00,2026-04-30,YES,0,90,3,1,2,0.9700572118563666,0,,0.0,-0.009942788143633354,0.08,0,0.0,,0,0,0.0
KXSOL15M-26APR300115-15,SOL,1777525826188252160,2026-04-30T05:10:26.188252+00:00,2026-04-30,YES,0,89,3,1,1,0.9700572118563666,0,,0.0,-0.019942788143633365,0.08,0,0.0,,0,0,0.0
KXSOL15M-26APR300115-15,SOL,1777525827186296320,2026-04-30T05:10:27.186296+00:00,2026-04-30,YES,0,90,3,1,1,0.9700572118563666,0,,0.0,-0.019942788143633365,0.08,0,0.0,,0,0,0.0
KXETH15M-26APR300115-15,ETH,1777525875165262336,2026-04-30T05:11:15.165262+00:00,2026-04-30,YES,0,87,3,1,0,0.9700572118563666,0,,0.0,-0.010057211856366618,0.01,0,0.0,,0,0,0.0
KXBTC15M-26APR300115-15,BTC,1777525969624277248,2026-04-30T05:12:49.624277+00:00,2026-04-30,YES,0,97,2,1,0,0.9700572118563666,0,,0.0,0.009942788143633379,,0,0.0,,0,0,0.0
KXBTC15M-26APR300115-15,BTC,1777525974622310656,2026-04-30T05:12:54.622311+00:00,2026-04-30,YES,0,99,2,1,0,0.9700572118563666,0,,0.0,0.009942788143633379,,0,0.0,,0,0,0.0
KXBTC15M-26APR300115-15,BTC,1777526014621360640,2026-04-30T05:13:34.621361+00:00,2026-04-30,YES,0,86,1,1,0,0.9700572118563666,0,,0.0,0.009942788143633379,,0,0.0,,0,0,0.0
KXBTC15M-26APR300115-15,BTC,1777526028624265728,2026-04-30T05:13:48.624266+00:00,2026-04-30,YES,0,88,1,1,0,0.9700572118563666,0,,0.0,0.009942788143633379,,0,0.0,,0,0,0.0
KXBTC15M-26APR300115-15,BTC,1777526047623278336,2026-04-30T05:14:07.623278+00:00,2026-04-30,YES,0,89,0,1,0,0.9700572118563666,0,,0.0,0.009942788143633379,0.01,0,0.0,,0,0,0.0
KXBTC15M-26APR300130-30,BTC,1777526652622521088,2026-04-30T05:24:12.622521+00:00,2026-04-30,NO,1,91,4,0,7,0.005365866680904454,0,,0.0,0.06463413331909552,,0,0.0,,0,0,0.0
KXBTC15M-26APR300130-30,BTC,1777526674622332672,2026-04-30T05:24:34.622333+00:00,2026-04-30,NO,1,92,4,0,7,0.005365866680904454,0,,0.0,0.06463413331909552,,0,0.0,,0,0,0.0
KXETH15M-26APR300130-30,ETH,1777526704168252928,2026-04-30T05:25:04.168253+00:00,2026-04-30,NO,1,86,3,0,7,0.005365866680904454,1,NO,7.0,0.06463413331909552,0.01,1,7.0,0.9998534412494445,0,0,0.0
KXBTC15M-26APR300130-30,BTC,1777526709118983680,2026-04-30T05:25:09.118984+00:00,2026-04-30,NO,1,91,3,0,4,0.005365866680904454,1,NO,5.0,0.04463413331909561,0.01,1,5.0,0.9998902752926608,0,0,0.0
KXXRP15M-26APR300130-30,XRP,1777526724187317760,2026-04-30T05:25:24.187318+00:00,2026-04-30,NO,1,85,3,0,0,0.005365866680904454,0,,0.0,-0.005365866680904432,0.05,0,0.0,,0,0,0.0
KXETH15M-26APR300130-30,ETH,1777526736167251456,2026-04-30T05:25:36.167251+00:00,2026-04-30,NO,1,96,3,0,0,0.005365866680904454,0,,0.0,0.004634133319095577,0.01,0,0.0,,0,0,0.0
KXSOL15M-26APR300130-30,SOL,1777526743191262976,2026-04-30T05:25:43.191263+00:00,2026-04-30,NO,1,88,3,0,1,0.005365866680904454,0,,0.0,0.004634133319095577,0.08,0,0.0,,0,0,0.0
KXSOL15M-26APR300130-30,SOL,1777526751186435328,2026-04-30T05:25:51.186435+00:00,2026-04-30,NO,1,94,3,0,0,0.005365866680904454,0,,0.0,0.004634133319095577,0.08,0,0.0,,0,0,0.0
KXSOL15M-26APR300130-30,SOL,1777526763192949760,2026-04-30T05:26:03.192950+00:00,2026-04-30,NO,1,87,3,0,0,0.005365866680904454,0,,0.0,-0.005365866680904432,0.08,0,0.0,,0,0,0.0
KXETH15M-26APR300130-30,ETH,1777526858168056832,2026-04-30T05:27:38.168057+00:00,2026-04-30,NO,1,86,2,0,0,0.005365866680904454,0,,0.0,-0.005365866680904432,0.01,0,0.0,,0,0,0.0
KXETH15M-26APR300130-30,ETH,1777526867164931584,2026-04-30T05:27:47.164932+00:00,2026-04-30,NO,1,86,2,0,0,0.005365866680904454,0,,0.0,-0.005365866680904432,0.01,0,0.0,,0,0,0.0
KXETH15M-26APR300130-30,ETH,1777526922170118400,2026-04-30T05:28:42.170118+00:00,2026-04-30,NO,1,89,1,0,0,0.005365866680904454,0,,0.0,-0.005365866680904432,0.05,0,0.0,,0,0,0.0
KXXRP15M-26APR300145-45,XRP,1777527289184626688,2026-04-30T05:34:49.184627+00:00,2026-04-30,YES,0,89,7,1,3,0.9700572118563666,1,YES,3.0,5.721185636665439e-05,0.0,1,3.0,0.9995210383192832,0,0,0.0
KXETH15M-26APR300145-45,ETH,1777527294167370240,2026-04-30T05:34:54.167370+00:00,2026-04-30,YES,0,93,7,1,4,0.9700572118563666,0,,0.0,0.010057211856366663,0.015,0,0.0,,0,0,0.0
KXXRP15M-26APR300145-45,XRP,1777527299185602304,2026-04-30T05:34:59.185602+00:00,2026-04-30,YES,0,93,7,1,3,0.9700572118563666,1,YES,3.0,5.721185636665439e-05,0.0,1,3.0,0.9996124617655897,0,0,0.0
KXSOL15M-26APR300145-45,SOL,1777527306189490432,2026-04-30T05:35:06.189490+00:00,2026-04-30,YES,0,96,6,1,2,0.9700572118563666,0,,0.0,-0.009942788143633354,0.0,0,0.0,,0,0,0.0
KXBTC15M-26APR300145-45,BTC,1777527309116462080,2026-04-30T05:35:09.116462+00:00,2026-04-30,YES,0,87,6,1,2,0.9700572118563666,0,,0.0,-0.009942788143633354,0.0,0,0.0,,0,0,0.0
KXSOL15M-26APR300145-45,SOL,1777527309192284416,2026-04-30T05:35:09.192284+00:00,2026-04-30,YES,0,88,6,1,3,0.9700572118563666,1,YES,3.0,5.721185636665439e-05,0.0,1,3.0,0.999586687478158,0,0,0.0
KXBTC15M-26APR300145-45,BTC,1777527339120383232,2026-04-30T05:35:39.120383+00:00,2026-04-30,YES,0,88,6,1,1,0.9700572118563666,0,,0.0,-5.72118563666197e-05,0.0,0,0.0,,0,0,0.0
KXXRP15M-26APR300145-45,XRP,1777527341195306496,2026-04-30T05:35:41.195307+00:00,2026-04-30,YES,0,97,6,1,1,0.9700572118563666,0,,0.0,-0.010057211856366618,0.0,0,0.0,,0,0,0.0
KXBTC15M-26APR300145-45,BTC,1777527345121293824,2026-04-30T05:35:45.121294+00:00,2026-04-30,YES,0,94,6,1,1,0.9700572118563666,0,,0.0,-5.72118563666197e-05,0.0,0,0.0,,0,0,0.0
KXXRP15M-26APR300145-45,XRP,1777527353185683712,2026-04-30T05:35:53.185684+00:00,2026-04-30,YES,0,98,6,1,1,0.9700572118563666,0,,0.0,-0.010057211856366618,0.0,0,0.0,,0,0,0.0
KXSOL15M-26APR300145-45,SOL,1777527357185419264,2026-04-30T05:35:57.185419+00:00,2026-04-30,YES,0,89,6,1,2,0.9700572118563666,0,,0.0,-0.009942788143633354,0.0,0,0.0,,0,0,0.0
KXXRP15M-26APR300145-45,XRP,1777527357189243136,2026-04-30T05:35:57.189243+00:00,2026-04-30,YES,0,85,6,1,1,0.9700572118563666,0,,0.0,-0.010057211856366618,0.0,0,0.0,,0,0,0.0
KXBTC15M-26APR300145-45,BTC,1777527361123310080,2026-04-30T05:36:01.123310+00:00,2026-04-30,YES,0,92,6,1,1,0.9700572118563666,0,,0.0,-0.010057211856366618,0.0,0,0.0,,0,0,0.0
KXSOL15M-26APR300145-45,SOL,1777527367190313216,2026-04-30T05:36:07.190313+00:00,2026-04-30,YES,0,91,6,1,1,0.9700572118563666,0,,0.0,-0.019942788143633365,0.0,0,0.0,,0,0,0.0
KXETH15M-26APR300145-45,ETH,1777527368166079488,2026-04-30T05:36:08.166080+00:00,2026-04-30,YES,0,86,6,1,1,0.9700572118563666,0,,0.0,-0.009942788143633354,0.0,0,0.0,,0,0,0.0
KXSOL15M-26APR300145-45,SOL,1777527508188332032,2026-04-30T05:38:28.188332+00:00,2026-04-30,YES,0,88,4,1,1,0.9700572118563666,0,,0.0,-0.010057211856366618,,0,0.0,,0,0,0.0
KXBTC15M-26APR300145-45,BTC,1777527572118336512,2026-04-30T05:39:32.118336+00:00,2026-04-30,YES,0,87,4,1,0,0.9700572118563666,0,,0.0,0.009942788143633379,,0,0.0,,0,0,0.0
KXSOL15M-26APR300145-45,SOL,1777527592185317632,2026-04-30T05:39:52.185318+00:00,2026-04-30,YES,0,91,4,1,0,0.9700572118563666,0,,0.0,-0.010057211856366618,,0,0.0,,0,0,0.0
KXETH15M-26APR300145-45,ETH,1777527611168744960,2026-04-30T05:40:11.168745+00:00,2026-04-30,YES,0,86,3,1,0,0.9700572118563666,0,,0.0,0.009942788143633379,0.01,0,0.0,,0,0,0.0
KXBTC15M-26APR300145-45,BTC,1777527627118867456,2026-04-30T05:40:27.118867+00:00,2026-04-30,YES,0,89,3,1,0,0.9700572118563666,0,,0.0,0.009942788143633379,0.01,0,0.0,,0,0,0.0
KXETH15M-26APR300145-45,ETH,1777527632168300800,2026-04-30T05:40:32.168301+00:00,2026-04-30,YES,0,89,3,1,0,0.9700572118563666,0,,0.0,0.009942788143633379,0.01,0,0.0,,0,0,0.0
KXETH15M-26APR300145-45,ETH,1777527647166552576,2026-04-30T05:40:47.166553+00:00,2026-04-30,YES,0,99,3,1,0,0.9700572118563666,0,,0.0,-5.72118563666197e-05,0.01,0,0.0,,0,0,0.0
KXETH15M-26APR300145-45,ETH,1777527648165212416,2026-04-30T05:40:48.165212+00:00,2026-04-30,YES,0,86,3,1,0,0.9700572118563666,0,,0.0,-5.72118563666197e-05,0.01,0,0.0,,0,0,0.0
KXETH15M-26APR300145-45,ETH,1777527670168317440,2026-04-30T05:41:10.168318+00:00,2026-04-30,YES,0,97,3,1,0,0.9700572118563666,0,,0.0,0.009942788143633379,0.01,0,0.0,,0,0,0.0
KXSOL15M-26APR300145-45,SOL,1777527672978282752,2026-04-30T05:41:12.978283+00:00,2026-04-30,YES,0,87,3,1,0,0.9648604269293924,0,,0.0,0.005139573070607554,0.08,0,0.0,,0,0,0.0
KXETH15M-26APR300145-45,ETH,1777527685170337280,2026-04-30T05:41:25.170337+00:00,2026-04-30,YES,0,85,3,1,0,0.9700572118563666,0,,0.0,0.009942788143633379,0.01,0,0.0,,0,0,0.0
KXETH15M-26APR300145-45,ETH,1777527692167339008,2026-04-30T05:41:32.167339+00:00,2026-04-30,YES,0,89,3,1,0,0.9700572118563666,0,,0.0,0.009942788143633379,0.01,0,0.0,,0,0,0.0
KXBTC15M-26APR300145-45,BTC,1777527707120317184,2026-04-30T05:41:47.120317+00:00,2026-04-30,YES,0,85,2,1,0,0.9700572118563666,0,,0.0,0.009942788143633379,,0,0.0,,0,0,0.0
KXETH15M-26APR300145-45,ETH,1777527711167295744,2026-04-30T05:41:51.167296+00:00,2026-04-30,YES,0,96,2,1,0,0.9700572118563666,0,,0.0,-0.010057211856366618,0.01,0,0.0,,0,0,0.0
KXETH15M-26APR300145-45,ETH,1777527718167270912,2026-04-30T05:41:58.167271+00:00,2026-04-30,YES,0,94,2,1,0,0.9700572118563666,0,,0.0,-0.010057211856366618,0.01,0,0.0,,0,0,0.0
KXBTC15M-26APR300145-45,BTC,1777527725116332032,2026-04-30T05:42:05.116332+00:00,2026-04-30,YES,0,99,2,1,0,0.9700572118563666,0,,0.0,0.009942788143633379,,0,0.0,,0,0,0.0
KXETH15M-26APR300145-45,ETH,1777527784168286720,2026-04-30T05:43:04.168287+00:00,2026-04-30,YES,0,99,1,1,0,0.9700572118563666,0,,0.0,0.009942788143633379,0.05,0,0.0,,0,0,0.0
KXETH15M-26APR300145-45,ETH,1777527801171327488,2026-04-30T05:43:21.171328+00:00,2026-04-30,YES,0,98,1,1,0,0.9700572118563666,0,,0.0,0.009942788143633379,0.05,0,0.0,,0,0,0.0
KXETH15M-26APR300145-45,ETH,1777527803166038272,2026-04-30T05:43:23.166038+00:00,2026-04-30,YES,0,87,1,1,0,0.9700572118563666,0,,0.0,0.009942788143633379,0.05,0,0.0,,0,0,0.0
KXETH15M-26APR300145-45,ETH,1777527817167164928,2026-04-30T05:43:37.167165+00:00,2026-04-30,YES,0,89,1,1,0,0.9700572118563666,0,,0.0,0.009942788143633379,0.05,0,0.0,,0,0,0.0
KXBTC15M-26APR300200-00,BTC,1777528620119031040,2026-04-30T05:57:00.119031+00:00,2026-04-30,NO,1,88,2,0,7,0.005365866680904454,0,,0.0,0.07463413331909553,,0,0.0,,0,0,0.0
KXETH15M-26APR300200-00,ETH,1777528675165259520,2026-04-30T05:57:55.165260+00:00,2026-04-30,NO,1,85,2,0,10,0.005365866680904454,1,NO,9.0,0.08463413331909554,0.01,1,9.0,0.998993082172188,0,0,0.0
KXSOL15M-26APR300200-00,SOL,1777528684975037696,2026-04-30T05:58:04.975038+00:00,2026-04-30,NO,1,86,1,0,0,0.005365866680904454,0,,0.0,-0.005365866680904432,0.01,0,0.0,,0,0,0.0
KXSOL15M-26APR300200-00,SOL,1777528684975037696,2026-04-30T05:58:04.975038+00:00,2026-04-30,NO,1,90,1,0,0,0.005365866680904454,0,,0.0,-0.005365866680904432,0.01,0,0.0,,0,0,0.0
KXSOL15M-26APR300200-00,SOL,1777528688976308224,2026-04-30T05:58:08.976308+00:00,2026-04-30,NO,1,93,1,0,0,0.005365866680904454,0,,0.0,-0.005365866680904432,0.01,0,0.0,,0,0,0.0
KXXRP15M-26APR300200-00,XRP,1777528704980252928,2026-04-30T05:58:24.980253+00:00,2026-04-30,NO,1,95,1,0,0,0.005365866680904454,0,,0.0,-0.005365866680904432,0.0,0,0.0,,0,0,0.0
KXXRP15M-26APR300200-00,XRP,1777528708977282560,2026-04-30T05:58:28.977283+00:00,2026-04-30,NO,1,89,1,0,0,0.005365866680904454,0,,0.0,-0.005365866680904432,0.0,0,0.0,,0,0,0.0
KXETH15M-26APR300200-00,ETH,1777528728167252992,2026-04-30T05:58:48.167253+00:00,2026-04-30,NO,1,93,1,0,0,0.005365866680904454,0,,0.0,-0.005365866680904432,0.05,0,0.0,,0,0,0.0
KXETH15M-26APR300200-00,ETH,1777528750167310592,2026-04-30T05:59:10.167310+00:00,2026-04-30,NO,1,92,0,0,0,0.005365866680904454,0,,0.0,-0.005365866680904432,0.01,0,0.0,,0,0,0.0
